date,open,high,low,close,adjClose,volume,unadjustedVolume,change,changePercent,vwap,label,changeOverTime
2025-04-17,104.45,104.47,100.05,101.49,101.49,290641362,290641362,-2.96,-2.83,102.615,"April 17, 25",-0.0283
2025-04-16,104.55,106.79,100.45,104.49,104.49,397016900,397016900,-0.06,-0.05738881,104.07,"April 16, 25",-0.0005738881
2025-04-15,110.97,113.62,110.5,112.2,112.2,228966900,228966900,1.23,1.11,111.8225,"April 15, 25",0.0111
2025-04-14,114.11,114.29,109.07,110.71,110.71,264705049,264705049,-3.4,-2.98,112.045,"April 14, 25",-0.0298
2025-04-11,108.5,111.55,107.48,110.93,110.93,313417300,313417300,2.43,2.24,109.615,"April 11, 25",0.0224
2025-04-10,109.37,110.86,99.15,107.57,107.57,437812400,437812400,-1.8,-1.65,106.7375,"April 10, 25",-0.0165
2025-04-09,98.89,115.1,97.53,114.33,114.33,612918336,612918336,15.44,15.61,106.4625,"April 09, 25",0.1561
2025-04-08,103.81,105.85,94.46,96.3,96.3,476243400,476243400,-7.51,-7.23,100.105,"April 08, 25",-0.0723
2025-04-07,87.46,101.75,86.62,97.64,97.64,611041347,611041347,10.18,11.64,93.3675,"April 07, 25",0.1164
2025-04-04,98.91,100.13,92.11,94.31,94.31,532273810,532273810,-4.6,-4.65,96.365,"April 04, 25",-0.0465
2025-04-03,103.51,105.63,101.6,101.8,101.8,338769412,338769412,-1.71,-1.65,103.135,"April 03, 25",-0.0165
2025-04-02,107.29,111.98,106.79,110.42,110.42,220601243,220601243,3.13,2.92,109.12,"April 02, 25",0.0292
2025-04-01,108.52,110.2,106.47,110.15,110.15,222614034,222614034,1.64,1.5,108.835,"April 01, 25",0.015
2025-03-31,105.13,110.96,103.65,108.38,108.38,299212700,299212700,3.25,3.09,107.03,"March 31, 25",0.0309
2025-03-28,111.49,112.87,109.07,109.67,109.67,229872549,229872549,-1.81,-1.63,110.775,"March 28, 25",-0.0163
2025-03-27,111.35,114.45,110.66,111.43,111.43,236902100,236902100,0.08,0.07184553,111.9725,"March 27, 25",0.0007184553
2025-03-26,118.73,118.84,112.71,113.76,113.76,296431667,296431667,-4.97,-4.19,116.01,"March 26, 25",-0.0419
2025-03-25,120.55,121.29,118.92,120.69,120.69,167447200,167447200,0.145,0.11613,120.3625,"March 25, 25",0.0011613
2025-03-24,119.88,122.22,119.34,121.41,121.41,228452534,228452534,1.53,1.28,120.7125,"March 24, 25",0.0128
2025-03-21,116.94,117.99,115.42,117.7,117.7,266498528,266498528,0.76,0.64991,117.0125,"March 21, 25",0.0064991
2025-03-20,116.55,120.2,116.47,118.53,118.53,248829749,248829749,1.98,1.7,117.9375,"March 20, 25",0.017
2025-03-19,117.27,120.45,115.68,117.52,117.52,273426225,273426225,0.25,0.21318,117.73,"March 19, 25",0.0021318
2025-03-18,118.0,119.02,114.54,115.43,115.43,299686944,299686944,-2.57,-2.18,116.7475,"March 18, 25",-0.0218
2025-03-17,122.74,122.89,118.03,119.53,119.53,255501500,255501500,-3.21,-2.62,120.7975,"March 17, 25",-0.0262
2025-03-14,118.61,121.88,118.15,121.67,121.67,277593500,277593500,3.06,2.58,120.0775,"March 14, 25",0.0258
2025-03-13,117.03,117.76,113.79,115.58,115.58,299033131,299033131,-1.45,-1.24,116.04,"March 13, 25",-0.0124
2025-03-12,114.12,116.76,112.88,115.74,115.74,323857500,323857500,1.62,1.42,114.875,"March 12, 25",0.0142
2025-03-11,106.99,112.24,104.77,108.76,108.75,354865700,354865700,1.77,1.65,108.19,"March 11, 25",0.0165
2025-03-10,109.9,111.85,105.46,106.98,106.97,366487400,366487400,-2.92,-2.66,108.5475,"March 10, 25",-0.0266
2025-03-07,111.25,113.48,107.56,112.69,112.68,341755500,341755500,1.44,1.29,111.245,"March 07, 25",0.0129
2025-03-06,113.53,115.35,110.22,110.57,110.56,321181900,321181900,-2.96,-2.61,112.4175,"March 06, 25",-0.0261
2025-03-05,117.58,118.28,114.51,117.3,117.29,284337900,284337900,-0.28,-0.23814,116.9175,"March 05, 25",-0.0023814
2025-03-04,110.65,119.31,110.11,115.99,115.98,398163305,398163305,5.34,4.83,114.015,"March 04, 25",0.0483
2025-03-03,123.51,123.7,112.28,114.06,114.05,411381400,411381400,-9.45,-7.65,118.3875,"March 03, 25",-0.0765
2025-02-28,118.02,125.09,116.4,124.92,124.91,389091145,389091145,6.9,5.85,121.1075,"February 28, 25",0.0585
2025-02-27,135.0,135.01,120.01,120.15,120.14,443175846,443175846,-14.85,-11.0,127.5425,"February 27, 25",-0.11
2025-02-26,129.99,133.73,128.49,131.28,131.27,322553814,322553814,1.29,0.99238,130.8725,"February 26, 25",0.0099238
2025-02-25,129.98,130.2,124.44,126.63,126.62,271428711,271428711,-3.35,-2.58,127.8125,"February 25, 25",-0.0258
2025-02-24,136.56,138.59,130.08,130.28,130.27,251381137,251381137,-6.28,-4.6,133.8775,"February 24, 25",-0.046
2025-02-21,140.04,141.46,134.03,134.43,134.42,228217600,228217600,-5.61,-4.01,137.49,"February 21, 25",-0.0401
2025-02-20,140.03,140.66,136.79,140.11,140.1,143903600,143903600,0.08,0.05713061,139.3975,"February 20, 25",0.0005713061
2025-02-19,139.51,141.36,137.22,139.23,139.22,167536006,167536006,-0.28,-0.2007,139.33,"February 19, 25",-0.002007
2025-02-18,141.27,143.44,137.93,139.4,139.39,219176627,219176627,-1.87,-1.32,140.51,"February 18, 25",-0.0132
2025-02-14,136.48,139.25,135.5,138.85,138.84,195479600,195479600,2.37,1.74,137.52,"February 14, 25",0.0174
2025-02-13,131.56,136.5,131.17,135.29,135.28,197430000,197430000,3.73,2.84,133.63,"February 13, 25",0.0284
2025-02-12,130.02,132.24,129.08,131.14,131.13,160278600,160278600,1.12,0.86141,130.62,"February 12, 25",0.0086141
2025-02-11,132.58,134.48,131.02,132.8,132.79,178902400,178902400,0.22,0.16594,132.72,"February 11, 25",0.0016594
2025-02-10,130.09,135.0,129.96,133.57,133.56,216989100,216989100,3.48,2.68,132.155,"February 10, 25",0.0268
2025-02-07,129.22,130.37,125.0,129.84,129.83,228186300,228186300,0.62,0.4798,128.6075,"February 07, 25",0.004798
2025-02-06,127.42,128.77,125.21,128.68,128.67,251483600,251483600,1.26,0.98886,127.52,"February 06, 25",0.0098886
2025-02-05,121.76,125.0,120.76,124.83,124.82,263110629,263110629,3.07,2.52,123.0875,"February 05, 25",0.0252
2025-02-04,116.96,121.2,116.7,118.65,118.64,256550040,256550040,1.69,1.44,118.3775,"February 04, 25",0.0144
2025-02-03,114.75,118.57,113.01,116.66,116.65,371235700,371235700,1.91,1.66,115.7475,"February 03, 25",0.0166
2025-01-31,123.78,127.85,119.19,120.07,120.06,390372900,390372900,-3.71,-3.0,122.7225,"January 31, 25",-0.03
2025-01-30,123.1,125.0,118.1,124.65,124.64,392925500,392925500,1.55,1.26,122.7125,"January 30, 25",0.0126
2025-01-29,126.5,126.89,120.05,123.7,123.69,467120640,467120640,-2.8,-2.21,124.285,"January 29, 25",-0.0221
2025-01-28,121.81,129.0,116.25,128.99,128.98,579666400,579666400,7.18,5.89,124.0125,"January 28, 25",0.0589
2025-01-27,124.8,128.4,116.7,118.42,118.41,818830900,818830900,-6.38,-5.11,122.08,"January 27, 25",-0.0511
2025-01-24,148.37,148.97,141.88,142.62,142.61,234657635,234657635,-5.75,-3.88,145.46,"January 24, 25",-0.0388
2025-01-23,145.05,147.23,143.72,147.22,147.21,155915549,155915549,2.17,1.5,145.805,"January 23, 25",0.015
2025-01-22,144.66,147.79,143.67,147.07,147.06,237651400,237651400,2.41,1.67,145.7975,"January 22, 25",0.0167
2025-01-21,139.16,141.83,137.09,140.83,140.82,197749000,197749000,1.67,1.2,139.7275,"January 21, 25",0.012
2025-01-17,136.69,138.5,135.46,137.71,137.7,201188800,201188800,1.02,0.74621,137.09,"January 17, 25",0.0074621
2025-01-16,138.64,138.75,133.49,133.57,133.56,209235600,209235600,-5.07,-3.66,136.1125,"January 16, 25",-0.0366
2025-01-15,133.65,136.45,131.29,136.24,136.23,185217338,185217338,2.59,1.94,134.4075,"January 15, 25",0.0194
2025-01-14,136.05,136.38,130.05,131.76,131.75,195590500,195590500,-4.29,-3.15,133.56,"January 14, 25",-0.0315
2025-01-13,129.99,133.49,129.51,133.23,133.22,204808914,204808914,3.24,2.49,131.555,"January 13, 25",0.0249
2025-01-10,137.45,139.92,134.22,135.91,135.9,207602514,207602514,-1.54,-1.12,136.875,"January 10, 25",-0.0112
2025-01-08,142.58,143.95,137.56,140.11,140.1,227349948,227349948,-2.47,-1.73,141.05,"January 08, 25",-0.0173
2025-01-07,153.03,153.13,140.01,140.14,140.13,351782200,351782200,-12.89,-8.42,146.5775,"January 07, 25",-0.0842
2025-01-06,148.59,152.16,147.82,149.43,149.42,265377400,265377400,0.84,0.56531,149.5,"January 06, 25",0.0056531
2025-01-03,140.01,144.9,139.73,144.47,144.46,229322500,229322500,4.46,3.19,142.2775,"January 03, 25",0.0319
2025-01-02,136.0,138.88,134.63,138.31,138.3,198247200,198247200,2.31,1.7,136.955,"January 02, 25",0.017
2024-12-31,138.03,138.07,133.83,134.29,134.28,155659211,155659211,-3.74,-2.71,136.055,"December 31, 24",-0.0271
2024-12-30,134.83,140.27,134.02,137.49,137.48,167734700,167734700,2.66,1.97,136.6525,"December 30, 24",0.0197
2024-12-27,138.55,139.02,134.71,137.01,137.0,170582603,170582603,-1.54,-1.11,137.3225,"December 27, 24",-0.0111
2024-12-26,139.7,140.85,137.73,139.93,139.92,116519090,116519090,0.23,0.16464,139.5525,"December 26, 24",0.0016464
2024-12-24,140.0,141.9,138.65,140.22,140.21,105157000,105157000,0.22,0.15714,140.1925,"December 24, 24",0.0015714
2024-12-23,136.28,139.79,135.12,139.67,139.66,176053506,176053506,3.39,2.49,137.715,"December 23, 24",0.0249
2024-12-20,129.81,135.28,128.22,134.7,134.69,306528600,306528600,4.89,3.77,132.0025,"December 20, 24",0.0377
2024-12-19,131.76,134.03,129.55,130.68,130.67,209719210,209719210,-1.08,-0.81967,131.505,"December 19, 24",-0.0081967
2024-12-18,133.86,136.7,128.28,128.91,128.9,277444533,277444533,-4.95,-3.7,131.9375,"December 18, 24",-0.037
2024-12-17,129.09,131.59,126.86,130.39,130.38,259410300,259410300,1.3,1.01,129.4825,"December 17, 24",0.0101
2024-12-16,134.18,134.4,130.42,132.0,131.99,237951130,237951130,-2.18,-1.62,132.75,"December 16, 24",-0.0162
2024-12-13,138.94,139.6,132.54,134.25,134.24,231514900,231514900,-4.69,-3.38,136.3325,"December 13, 24",-0.0338
2024-12-12,137.08,138.44,135.8,137.34,137.33,159211400,159211400,0.26,0.18967,137.165,"December 12, 24",0.0018967
2024-12-11,137.36,140.17,135.21,139.31,139.3,184905200,184905200,1.95,1.42,138.0125,"December 11, 24",0.0142
2024-12-10,139.01,141.82,133.79,135.07,135.06,210020900,210020900,-3.94,-2.83,137.4225,"December 10, 24",-0.0283
2024-12-09,138.97,139.95,137.13,138.81,138.8,189308625,189308625,-0.16,-0.11513,138.715,"December 09, 24",-0.0011513
2024-12-06,144.6,145.7,141.31,142.44,142.43,188505600,188505600,-2.16,-1.49,143.5125,"December 06, 24",-0.0149
2024-12-05,145.11,146.54,143.95,145.06,145.05,172621200,172621200,-0.05,-0.03445662,145.165,"December 05, 24",-0.0003445662
2024-12-04,142.0,145.79,140.29,145.14,145.12,231224300,231224300,3.14,2.21,143.305,"December 04, 24",0.0221
2024-12-03,138.26,140.54,137.95,140.26,140.24,164414000,164414000,2.0,1.45,139.2525,"December 03, 24",0.0145
2024-12-02,138.83,140.45,137.82,138.63,138.61,171682800,171682800,-0.2,-0.14406,138.9325,"December 02, 24",-0.0014406
2024-11-29,136.78,139.35,136.05,138.25,138.23,141863200,141863200,1.47,1.07,137.6075,"November 29, 24",0.0107
2024-11-27,135.01,137.22,131.8,135.34,135.32,226370912,226370912,0.33,0.24443,134.8425,"November 27, 24",0.0024443
2024-11-26,137.7,139.3,135.67,136.92,136.9,190287700,190287700,-0.78,-0.56645,137.3975,"November 26, 24",-0.0056645
2024-11-25,141.99,142.05,135.82,136.02,136.0,344941900,344941900,-5.97,-4.2,138.97,"November 25, 24",-0.042
2024-11-22,145.93,147.16,141.1,141.95,141.93,236406200,236406200,-3.98,-2.73,144.035,"November 22, 24",-0.0273
2024-11-21,149.35,152.89,140.7,146.67,146.65,400946600,400946600,-2.68,-1.79,147.4025,"November 21, 24",-0.0179
2024-11-20,147.41,147.56,142.73,145.89,145.87,309871700,309871700,-1.52,-1.03,145.8975,"November 20, 24",-0.0103
2024-11-19,141.32,147.13,140.99,147.01,146.99,227834912,227834912,5.69,4.03,144.1125,"November 19, 24",0.0403
2024-11-18,139.5,141.55,137.15,140.15,140.13,221866000,221866000,0.65,0.46595,139.5875,"November 18, 24",0.0046595
2024-11-15,144.87,145.24,140.08,141.98,141.96,250132900,250132900,-2.89,-1.99,143.0425,"November 15, 24",-0.0199
2024-11-14,147.64,149.0,145.55,146.76,146.74,194463301,194463301,-0.88,-0.59604,147.2375,"November 14, 24",-0.0059604
2024-11-13,149.07,149.33,145.9,146.27,146.25,191903300,191903300,-2.8,-1.88,147.6425,"November 13, 24",-0.0188
2024-11-12,146.78,149.65,146.01,148.29,148.27,198634738,198634738,1.51,1.03,147.6825,"November 12, 24",0.0103
2024-11-11,148.68,148.85,143.57,145.26,145.24,182325620,182325620,-3.42,-2.3,146.59,"November 11, 24",-0.023
2024-11-08,148.77,149.77,146.26,147.63,147.61,175665830,175665830,-1.14,-0.76628,148.1075,"November 08, 24",-0.0076628
2024-11-07,146.39,148.93,146.17,148.88,148.86,207323303,207323303,2.49,1.7,147.5925,"November 07, 24",0.017
2024-11-06,142.96,146.49,141.96,145.61,145.59,242043945,242043945,2.65,1.85,144.255,"November 06, 24",0.0185
2024-11-05,137.45,140.37,137.33,139.91,139.89,160537400,160537400,2.46,1.79,138.765,"November 05, 24",0.0179
2024-11-04,137.21,138.96,135.57,136.05,136.03,187528200,187528200,-1.16,-0.84542,136.9475,"November 04, 24",-0.0084542
2024-11-01,134.7,137.31,134.57,135.4,135.38,207127838,207127838,0.7,0.51967,135.495,"November 01, 24",0.0051967
2024-10-31,137.6,137.61,132.11,132.76,132.74,270039641,270039641,-4.84,-3.52,135.02,"October 31, 24",-0.0352
2024-10-30,139.54,140.33,136.81,139.34,139.31,179418100,179418100,-0.205,-0.14333,139.005,"October 30, 24",-0.0014333
2024-10-29,140.29,142.26,138.9,141.25,141.23,157593634,157593634,0.965,0.6843,140.675,"October 29, 24",0.006843
2024-10-28,143.0,143.14,140.05,140.52,140.5,173586745,173586745,-2.48,-1.73,141.6775,"October 28, 24",-0.0173
2024-10-25,140.93,144.13,140.8,141.54,141.52,205122109,205122109,0.61,0.43284,141.85,"October 25, 24",0.0043284
2024-10-24,140.82,141.35,138.46,140.41,140.39,172354900,172354900,-0.41,-0.29115,140.26,"October 24, 24",-0.0029115
2024-10-23,142.03,142.43,137.46,139.56,139.54,285930038,285930038,-2.47,-1.74,140.37,"October 23, 24",-0.0174
2024-10-22,142.91,144.42,141.78,143.59,143.57,226311600,226311600,0.68,0.47582,143.175,"October 22, 24",0.0047582
2024-10-21,138.13,143.71,138.0,143.71,143.69,264554514,264554514,5.58,4.04,140.8875,"October 21, 24",0.0404
2024-10-18,138.67,138.9,137.28,138.0,137.98,176090200,176090200,-0.665,-0.48316,138.2125,"October 18, 24",-0.0048316
2024-10-17,139.34,140.89,136.87,136.93,136.91,306435921,306435921,-2.41,-1.73,138.5075,"October 17, 24",-0.0173
2024-10-16,133.98,136.62,131.58,135.72,135.7,264879720,264879720,1.74,1.3,134.475,"October 16, 24",0.013
2024-10-15,137.87,138.57,128.74,131.6,131.58,377831021,377831021,-6.27,-4.55,134.195,"October 15, 24",-0.0455
2024-10-14,136.47,139.6,136.3,138.07,138.05,232347700,232347700,1.6,1.17,137.61,"October 14, 24",0.0117
2024-10-11,134.01,135.78,133.66,134.8,134.78,170209500,170209500,0.79,0.58951,134.5625,"October 11, 24",0.0058951
2024-10-10,131.91,135.0,131.0,134.81,134.79,242311337,242311337,2.9,2.2,133.18,"October 10, 24",0.022
2024-10-09,134.11,134.52,131.38,132.65,132.63,246191612,246191612,-1.46,-1.09,133.165,"October 09, 24",-0.0109
2024-10-08,130.26,133.48,129.42,132.89,132.87,285722500,285722500,2.63,2.02,131.5125,"October 08, 24",0.0202
2024-10-07,124.99,130.64,124.95,127.72,127.7,346250233,346250233,2.73,2.18,127.075,"October 07, 24",0.0218
2024-10-04,124.94,125.04,121.83,124.92,124.9,244465552,244465552,-0.02,-0.01600768,124.1825,"October 04, 24",-0.0001600768
2024-10-03,120.92,124.36,120.34,122.85,122.83,277118000,277118000,1.93,1.6,122.1175,"October 03, 24",0.016
2024-10-02,116.44,119.38,115.14,118.85,118.83,221845900,221845900,2.41,2.07,117.4525,"October 02, 24",0.0207
2024-10-01,121.77,122.44,115.79,117.0,116.98,302094500,302094500,-4.77,-3.92,119.25,"October 01, 24",-0.0392
2024-09-30,118.31,121.5,118.15,121.44,121.42,227053651,227053651,3.13,2.65,119.85,"September 30, 24",0.0265
2024-09-27,123.97,124.03,119.26,121.4,121.38,271009200,271009200,-2.57,-2.07,122.165,"September 27, 24",-0.0207
2024-09-26,126.8,127.67,121.8,124.04,124.02,302582900,302582900,-2.76,-2.18,125.0775,"September 26, 24",-0.0218
2024-09-25,122.02,124.94,121.61,123.51,123.49,284692948,284692948,1.49,1.22,123.02,"September 25, 24",0.0122
2024-09-24,116.52,121.8,115.38,120.87,120.85,354966800,354966800,4.36,3.73,118.6425,"September 24, 24",0.0373
2024-09-23,116.55,116.99,114.86,116.26,116.24,206228500,206228500,-0.29,-0.24882,116.165,"September 23, 24",-0.0024882
2024-09-20,117.06,118.62,115.39,116.0,115.98,382462428,382462428,-1.06,-0.90552,116.7675,"September 20, 24",-0.0090552
2024-09-19,117.35,119.66,117.25,117.87,117.85,293506438,293506438,0.52,0.44312,118.0325,"September 19, 24",0.0044312
2024-09-18,115.89,117.7,113.22,113.37,113.35,310318937,310318937,-2.52,-2.17,115.045,"September 18, 24",-0.0217
2024-09-17,118.17,118.8,114.83,115.59,115.57,231925900,231925900,-2.58,-2.18,116.8475,"September 17, 24",-0.0218
2024-09-16,116.79,118.18,114.36,116.78,116.76,248772308,248772308,-0.01,-0.00856238,116.5275,"September 16, 24",-8.56238e-05
2024-09-13,119.08,119.96,117.6,119.1,119.08,238358328,238358328,0.02,0.01679543,118.935,"September 13, 24",0.0001679543
2024-09-12,116.84,120.79,115.38,119.14,119.12,367100500,367100500,2.3,1.97,118.0375,"September 12, 24",0.0197
2024-09-11,109.39,117.19,107.42,116.91,116.88,441422400,441422400,7.52,6.87,112.7275,"September 11, 24",0.0687
2024-09-10,107.81,109.4,104.95,108.1,108.07,268283736,268283736,0.29,0.26899,107.565,"September 10, 24",0.0026899
2024-09-09,104.88,106.55,103.69,106.47,106.44,273912015,273912015,1.59,1.52,105.3975,"September 09, 24",0.0152
2024-09-06,108.04,108.15,100.95,102.83,102.8,413638100,413638100,-5.21,-4.82,104.9925,"September 06, 24",-0.0482
2024-09-05,104.99,109.65,104.76,107.21,107.18,306850700,306850700,2.22,2.11,106.6525,"September 05, 24",0.0211
2024-09-04,105.41,113.27,104.12,106.21,106.18,372470300,372470300,0.8,0.75894,107.2525,"September 04, 24",0.0075894
2024-09-03,116.01,116.21,107.29,108.0,107.97,477155100,477155100,-8.01,-6.9,111.8775,"September 03, 24",-0.069
2024-08-30,119.53,121.75,117.22,119.37,119.34,333751600,333751600,-0.16,-0.13386,119.4675,"August 30, 24",-0.0013386
2024-08-29,121.36,124.43,116.71,117.59,117.56,453023305,453023305,-3.77,-3.11,120.0225,"August 29, 24",-0.0311
2024-08-28,128.12,128.33,122.64,125.61,125.58,448101115,448101115,-2.51,-1.96,126.175,"August 28, 24",-0.0196
2024-08-27,125.05,129.2,123.88,128.3,128.27,303134600,303134600,3.25,2.6,126.6075,"August 27, 24",0.026
2024-08-26,129.57,131.26,124.37,126.46,126.43,331964700,331964700,-3.11,-2.4,127.915,"August 26, 24",-0.024
2024-08-23,125.86,129.6,125.22,129.37,129.34,323230332,323230332,3.51,2.79,127.5125,"August 23, 24",0.0279
2024-08-22,130.02,130.75,123.1,123.74,123.71,376189100,376189100,-6.28,-4.83,126.9025,"August 22, 24",-0.0483
2024-08-21,127.32,129.35,126.66,128.5,128.47,257883600,257883600,1.19,0.9268,127.9575,"August 21, 24",0.009268
2024-08-20,128.4,129.88,125.89,127.25,127.22,300087415,300087415,-1.15,-0.89564,127.855,"August 20, 24",-0.0089564
2024-08-19,124.28,130.0,123.42,130.0,129.97,318333600,318333600,5.72,4.6,126.925,"August 19, 24",0.046
2024-08-16,121.94,125.0,121.18,124.58,124.55,302589900,302589900,2.64,2.16,123.175,"August 16, 24",0.0216
2024-08-15,118.76,123.24,117.47,122.86,122.83,318086700,318086700,4.1,3.45,120.5825,"August 15, 24",0.0345
2024-08-14,118.53,118.6,114.07,118.08,118.05,339246407,339246407,-0.45,-0.37965,117.32,"August 14, 24",-0.0037965
2024-08-13,112.44,116.23,111.58,116.14,116.11,312646700,312646700,3.7,3.29,114.0975,"August 13, 24",0.0329
2024-08-12,106.32,111.07,106.26,109.02,108.99,325559900,325559900,2.7,2.54,108.1675,"August 12, 24",0.0254
2024-08-09,105.64,106.6,103.43,104.75,104.72,290844200,290844200,-0.89,-0.84248,105.105,"August 09, 24",-0.0084248
2024-08-08,102.0,105.5,97.52,104.97,104.94,391910023,391910023,2.97,2.91,102.4975,"August 08, 24",0.0291
2024-08-07,107.81,108.8,98.69,98.91,98.89,411440423,411440423,-8.9,-8.26,103.5525,"August 07, 24",-0.0826
2024-08-06,103.84,107.71,100.55,104.25,104.22,409012100,409012100,0.41,0.39484,104.0875,"August 06, 24",0.0039484
2024-08-05,92.06,103.41,90.69,100.45,100.43,552842400,552842400,8.39,9.11,96.6525,"August 05, 24",0.0911
2024-08-02,103.76,108.72,101.37,107.27,107.24,482027500,482027500,3.51,3.38,105.28,"August 02, 24",0.0338
2024-08-01,117.53,120.16,106.81,109.21,109.18,523462326,523462326,-8.32,-7.08,113.4275,"August 01, 24",-0.0708
2024-07-31,112.9,118.34,110.88,117.02,116.99,473174200,473174200,4.12,3.65,114.785,"July 31, 24",0.0365
2024-07-30,111.52,111.99,102.54,103.73,103.7,486833300,486833300,-7.79,-6.99,107.445,"July 30, 24",-0.0699
2024-07-29,113.69,116.28,111.3,111.59,111.56,248152100,248152100,-2.1,-1.85,113.215,"July 29, 24",-0.0185
2024-07-26,116.19,116.2,111.58,113.06,113.03,293399100,293399100,-3.13,-2.69,114.2575,"July 26, 24",-0.0269
2024-07-25,113.04,116.63,106.3,112.28,112.25,460067019,460067019,-0.76,-0.67233,112.0625,"July 25, 24",-0.0067233
2024-07-24,119.17,119.95,113.44,114.25,114.22,327776900,327776900,-4.92,-4.13,116.7025,"July 24, 24",-0.0413
2024-07-23,122.78,124.69,122.1,122.59,122.56,173911000,173911000,-0.19,-0.15475,123.04,"July 23, 24",-0.0015475
2024-07-22,120.35,124.07,119.86,123.54,123.51,258068943,258068943,3.19,2.65,121.955,"July 22, 24",0.0265
2024-07-19,120.35,121.6,117.37,117.93,117.9,217223800,217223800,-2.42,-2.01,119.3125,"July 19, 24",-0.0201
2024-07-18,121.85,122.4,116.56,121.09,121.06,320979530,320979530,-0.76,-0.62372,120.475,"July 18, 24",-0.0062372
2024-07-17,121.35,121.85,116.72,117.99,117.96,390086200,390086200,-3.36,-2.77,119.4775,"July 17, 24",-0.0277
2024-07-16,128.44,129.04,124.58,126.36,126.33,214769515,214769515,-2.08,-1.62,127.105,"July 16, 24",-0.0162
2024-07-15,130.56,131.39,127.18,128.44,128.41,208326200,208326200,-2.12,-1.62,129.3925,"July 15, 24",-0.0162
2024-07-12,128.26,131.92,127.22,129.24,129.21,252680535,252680535,0.98,0.76407,129.16,"July 12, 24",0.0076407
2024-07-11,135.75,136.15,127.05,127.4,127.37,374782738,374782738,-8.35,-6.15,131.5875,"July 11, 24",-0.0615
2024-07-10,134.03,135.1,132.42,134.91,134.88,248978600,248978600,0.88,0.65657,134.115,"July 10, 24",0.0065657
2024-07-09,130.35,133.82,128.65,131.38,131.35,287020820,287020820,1.03,0.79018,131.05,"July 09, 24",0.0079018
2024-07-08,127.49,130.77,127.04,128.2,128.17,237677322,237677322,0.71,0.55691,128.375,"July 08, 24",0.0055691
2024-07-05,127.38,128.85,125.68,125.83,125.8,214176700,214176700,-1.55,-1.22,126.935,"July 05, 24",-0.0122
2024-07-03,121.66,128.28,121.36,128.28,128.25,215749000,215749000,6.62,5.44,124.895,"July 03, 24",0.0544
2024-07-02,121.13,123.41,121.03,122.67,122.64,218374000,218374000,1.54,1.27,122.06,"July 02, 24",0.0127
2024-07-01,123.47,124.84,118.83,124.3,124.27,284885534,284885534,0.83,0.67223,122.86,"July 01, 24",0.0067223
2024-06-28,124.58,127.71,122.75,123.54,123.51,315516740,315516740,-1.04,-0.8348,124.645,"June 28, 24",-0.008348
2024-06-27,124.1,126.41,122.92,123.99,123.96,252571700,252571700,-0.11,-0.0886382,124.355,"June 27, 24",-0.000886382
2024-06-26,126.13,128.12,122.6,126.4,126.37,362975918,362975918,0.27,0.21406,125.8125,"June 26, 24",0.0021406
2024-06-25,121.2,126.5,119.32,126.09,126.06,425787500,425787500,4.89,4.03,123.2775,"June 25, 24",0.0403
2024-06-24,123.24,124.46,118.04,118.11,118.08,476060900,476060900,-5.13,-4.16,120.9625,"June 24, 24",-0.0416
2024-06-21,127.12,130.63,124.3,126.57,126.54,655484700,655484700,-0.55,-0.43266,127.155,"June 21, 24",-0.0043266
2024-06-20,139.8,140.76,129.52,130.78,130.75,517768425,517768425,-9.02,-6.45,135.215,"June 20, 24",-0.0645
2024-06-18,131.14,136.33,130.69,135.58,135.55,294335100,294335100,4.44,3.39,133.435,"June 18, 24",0.0339
2024-06-17,132.99,133.73,129.58,130.98,130.95,288504444,288504444,-2.01,-1.51,131.82,"June 17, 24",-0.0151
2024-06-14,129.96,132.84,128.32,131.88,131.85,309320400,309320400,1.92,1.48,130.75,"June 14, 24",0.0148
2024-06-13,129.39,129.8,127.16,129.61,129.58,260704537,260704537,0.22,0.17003,128.99,"June 13, 24",0.0017003
2024-06-12,123.06,126.88,122.57,125.2,125.17,299595001,299595001,2.14,1.74,124.4275,"June 12, 24",0.0174
2024-06-11,121.77,122.87,118.74,120.91,120.88,222551200,222551200,-0.86,-0.70625,121.0725,"June 11, 24",-0.0070625
2024-06-10,120.37,123.1,117.01,121.79,121.75,314162700,314162700,1.42,1.18,120.5675,"June 10, 24",0.0118
2024-06-07,119.77,121.69,118.02,120.89,120.85,412386000,412386000,1.12,0.93513,120.0925,"June 07, 24",0.0093513
2024-06-06,124.05,125.59,118.32,121.0,120.96,664696190,664696190,-3.05,-2.46,122.24,"June 06, 24",-0.0246
2024-06-05,118.37,122.45,117.47,122.44,122.4,528402000,528402000,4.07,3.44,120.1825,"June 05, 24",0.0344
2024-06-04,115.72,116.6,114.05,116.44,116.4,403324010,403324010,0.721,0.62219,115.7025,"June 04, 24",0.0062219
2024-06-03,113.62,115.0,112.0,115.0,114.96,438392000,438392000,1.38,1.21,113.905,"June 03, 24",0.0121
2024-05-31,112.52,112.72,106.94,109.63,109.6,613263000,613263000,-2.89,-2.57,110.4525,"May 31, 24",-0.0257
2024-05-30,114.65,115.82,109.66,110.5,110.46,487350330,487350330,-4.15,-3.62,112.6575,"May 30, 24",-0.0362
2024-05-29,113.05,115.49,110.9,114.83,114.79,557442000,557442000,1.78,1.57,113.5675,"May 29, 24",0.0157
2024-05-28,110.24,114.94,109.88,113.9,113.86,652728000,652728000,3.66,3.32,112.24,"May 28, 24",0.0332
2024-05-24,104.45,106.48,103.0,106.47,106.43,429494000,429494000,2.02,1.93,105.1,"May 24, 24",0.0193
2024-05-23,102.03,106.32,101.52,103.8,103.76,835065280,835065280,1.77,1.73,103.4175,"May 23, 24",0.0173
2024-05-22,95.46,96.02,93.25,94.95,94.92,548648000,548648000,-0.509,-0.53426,94.92,"May 22, 24",-0.0053426
2024-05-21,93.6,95.4,93.18,95.39,95.35,328946460,328946460,1.79,1.91,94.3925,"May 21, 24",0.0191
2024-05-20,93.75,95.2,93.44,94.78,94.75,318764460,318764460,1.03,1.1,94.2925,"May 20, 24",0.011
2024-05-17,94.37,94.74,91.81,92.48,92.45,359691030,359691030,-1.89,-2.0,93.35,"May 17, 24",-0.02
2024-05-16,94.91,95.82,94.1,94.36,94.33,323952000,323952000,-0.551,-0.5795,94.7975,"May 16, 24",-0.005795
2024-05-15,92.47,94.86,91.6,94.63,94.6,417735450,417735450,2.16,2.34,93.39,"May 15, 24",0.0234
2024-05-14,89.6,91.65,88.93,91.36,91.33,296507080,296507080,1.76,1.96,90.385,"May 14, 24",0.0196
2024-05-13,90.48,91.0,88.53,90.4,90.37,289680170,289680170,-0.079,-0.08841733,90.1025,"May 13, 24",-0.0008841733
2024-05-10,90.3,91.4,89.23,89.88,89.85,335325410,335325410,-0.4265,-0.46512,90.2025,"May 10, 24",-0.0046512
2024-05-09,90.53,91.07,88.23,88.75,88.72,378013000,378013000,-1.78,-1.97,89.645,"May 09, 24",-0.0197
2024-05-08,89.48,91.19,89.42,90.41,90.38,325721020,325721020,0.9295,1.04,90.125,"May 08, 24",0.0104
2024-05-07,91.1,91.78,89.01,90.55,90.52,437342000,437342000,-0.544,-0.60373,90.61,"May 07, 24",-0.0060373
2024-05-06,89.39,92.22,89.06,92.14,92.11,376203000,376203000,2.75,3.08,90.7025,"May 06, 24",0.0308
2024-05-03,87.79,89.28,87.04,88.79,88.76,398341000,398341000,1.0,1.14,88.225,"May 03, 24",0.0114
2024-05-02,84.45,86.24,83.2,85.82,85.79,377898000,377898000,1.37,1.62,84.9275,"May 02, 24",0.0162
2024-05-01,85.08,86.0,81.25,83.04,83.01,559863170,559863170,-2.04,-2.4,83.8425,"May 01, 24",-0.024
2024-04-30,87.24,88.82,86.3,86.4,86.37,363709000,363709000,-0.838,-0.96286,87.19,"April 30, 24",-0.0096286
2024-04-29,87.6,87.99,85.27,87.76,87.73,388971000,388971000,0.162,0.18265,87.155,"April 29, 24",0.0018265
2024-04-26,83.82,88.33,83.39,87.74,87.71,551011000,551011000,3.92,4.68,85.82,"April 26, 24",0.0468
2024-04-25,78.87,83.32,78.22,82.63,82.6,424641000,424641000,3.76,4.77,80.76,"April 25, 24",0.0477
2024-04-24,83.95,84.08,79.18,79.68,79.65,512208000,512208000,-4.27,-5.09,81.7225,"April 24, 24",-0.0509
2024-04-23,80.77,82.77,80.26,82.42,82.4,438559370,438559370,1.65,2.04,81.555,"April 23, 24",0.0204
2024-04-22,78.1,80.07,76.4,79.52,79.49,596341000,596341000,1.41,1.82,78.5225,"April 22, 24",0.0182
2024-04-19,83.15,84.32,75.61,76.2,76.17,875198000,875198000,-6.95,-8.36,79.82,"April 19, 24",-0.0836
2024-04-18,84.97,86.19,82.4,84.67,84.64,447260340,447260340,-0.299,-0.35307,84.5575,"April 18, 24",-0.0035307
2024-04-17,88.34,88.78,83.95,84.04,84.01,495400000,495400000,-4.31,-4.87,86.2775,"April 17, 24",-0.0487
2024-04-16,86.43,88.12,86.06,87.42,87.39,370453020,370453020,0.9825,1.15,87.0075,"April 16, 24",0.0115
2024-04-15,89.1,90.61,85.93,86.0,85.97,443077000,443077000,-3.1,-3.48,87.91,"April 15, 24",-0.0348
2024-04-12,89.7,90.17,87.53,88.19,88.16,426805000,426805000,-1.51,-1.68,88.8975,"April 12, 24",-0.0168
2024-04-11,87.42,90.74,86.93,90.62,90.59,431637270,431637270,3.2,3.66,88.9275,"April 11, 24",0.0366
2024-04-10,83.93,87.4,83.71,87.04,87.01,431929000,431929000,3.11,3.71,85.52,"April 10, 24",0.0371
2024-04-09,87.44,87.64,83.02,85.35,85.33,503547350,503547350,-2.09,-2.39,85.8625,"April 09, 24",-0.0239
2024-04-08,88.7,88.83,86.73,87.13,87.1,283220000,283220000,-1.57,-1.77,87.8475,"April 08, 24",-0.0177
2024-04-05,86.87,88.48,85.93,88.01,87.98,399678460,399678460,1.14,1.31,87.3225,"April 05, 24",0.0131
2024-04-04,90.41,90.63,85.88,85.91,85.88,434965000,434965000,-4.5,-4.98,88.2075,"April 04, 24",-0.0498
2024-04-03,88.48,90.37,88.4,88.96,88.93,370067000,370067000,0.48,0.5425,89.0525,"April 03, 24",0.005425
2024-04-02,88.45,90.09,87.62,89.45,89.42,433064000,433064000,1.0,1.13,88.9025,"April 02, 24",0.0113
2024-04-01,90.3,92.23,89.2,90.36,90.33,452441490,452441490,0.064,0.06644518,90.5225,"April 01, 24",0.0006644518
2024-03-28,90.0,91.3,89.19,90.36,90.33,435212270,435212270,0.356,0.4,90.2125,"March 28, 24",0.004
2024-03-27,93.11,93.24,89.12,90.25,90.22,586067230,586067230,-2.86,-3.07,91.43,"March 27, 24",-0.0307
2024-03-26,95.85,96.38,92.5,92.56,92.53,513648000,513648000,-3.29,-3.43,94.3225,"March 26, 24",-0.0343
2024-03-25,93.94,96.77,93.51,95.0,94.97,552136080,552136080,1.06,1.13,94.805,"March 25, 24",0.0113
2024-03-22,91.14,94.78,90.83,94.29,94.26,586719360,586719360,3.15,3.46,92.76,"March 22, 24",0.0346
2024-03-21,92.3,92.65,90.41,91.44,91.4,480372310,480372310,-0.865,-0.93174,91.7,"March 21, 24",-0.0093174
2024-03-20,89.8,90.41,88.22,90.37,90.34,479063000,479063000,0.575,0.63474,89.7,"March 20, 24",0.0063474
2024-03-19,86.7,90.54,85.01,89.4,89.37,672171270,672171270,2.7,3.11,87.9125,"March 19, 24",0.0311
2024-03-18,90.39,92.41,87.09,88.46,88.43,668976000,668976000,-1.93,-2.14,89.5875,"March 18, 24",-0.0214
2024-03-15,86.93,89.55,86.26,87.84,87.81,642086160,642086160,0.9065,1.05,87.645,"March 15, 24",0.0105
2024-03-14,89.58,90.65,86.6,87.94,87.92,602318160,602318160,-1.63,-1.83,88.6925,"March 14, 24",-0.0183
2024-03-13,91.06,91.5,88.44,90.89,90.86,635713000,635713000,-0.167,-0.18669,90.4725,"March 13, 24",-0.0018669
2024-03-12,88.05,91.96,86.15,91.91,91.88,668075150,668075150,3.86,4.38,89.5175,"March 12, 24",0.0438
2024-03-11,86.43,88.8,84.17,85.77,85.75,678364120,678364120,-0.655,-0.76362,86.2925,"March 11, 24",-0.0076362
2024-03-08,95.14,97.4,86.51,87.53,87.5,1142269060,1142269060,-7.61,-8.0,91.645,"March 08, 24",-0.08
2024-03-07,90.16,92.77,89.6,92.67,92.64,608119160,608119160,2.51,2.78,91.3,"March 07, 24",0.0278
2024-03-06,88.02,89.72,87.03,88.7,88.67,582520300,582520300,0.678,0.77255,88.3675,"March 06, 24",0.0077255
2024-03-05,85.27,86.1,83.42,85.96,85.94,520639300,520639300,0.694,0.80919,85.1875,"March 05, 24",0.0080919
2024-03-04,84.13,87.7,83.72,85.24,85.21,615616450,615616450,1.11,1.32,85.1975,"March 04, 24",0.0132
2024-03-01,80.0,82.3,79.44,82.28,82.25,479135100,479135100,2.28,2.85,81.005,"March 01, 24",0.0285
2024-02-29,79.09,79.99,78.35,79.11,79.08,507289000,507289000,0.018,0.02528765,79.135,"February 29, 24",0.0002528765
2024-02-28,77.62,78.93,77.13,77.66,77.63,393110400,393110400,0.043,0.05153311,77.835,"February 28, 24",0.0005153311
2024-02-27,79.38,79.48,77.16,78.7,78.67,391705240,391705240,-0.68,-0.85664,78.68,"February 27, 24",-0.0085664
2024-02-26,79.7,80.65,78.51,79.09,79.06,503973000,503973000,-0.608,-0.76537,79.4875,"February 26, 24",-0.0076537
2024-02-23,80.79,82.39,77.57,78.82,78.79,829388370,829388370,-1.97,-2.44,79.8925,"February 23, 24",-0.0244
2024-02-22,75.03,78.58,74.22,78.54,78.51,865100000,865100000,3.51,4.68,76.5925,"February 22, 24",0.0468
2024-02-21,68.01,68.89,66.25,67.47,67.45,690298130,690298130,-0.534,-0.794,67.655,"February 21, 24",-0.00794
2024-02-20,71.95,71.96,67.73,69.45,69.43,704833100,704833100,-2.5,-3.47,70.2725,"February 20, 24",-0.0347
2024-02-16,74.1,74.4,72.5,72.61,72.59,495327000,495327000,-1.49,-2.01,73.4025,"February 16, 24",-0.0201
2024-02-15,73.87,73.97,72.4,72.66,72.63,420122000,420122000,-1.21,-1.64,73.225,"February 15, 24",-0.0164
2024-02-14,73.2,74.24,71.94,73.9,73.87,504917420,504917420,0.698,0.95628,73.32,"February 14, 24",0.0095628
2024-02-13,70.4,73.45,69.62,72.13,72.1,602580150,602580150,1.73,2.46,71.4,"February 13, 24",0.0246
2024-02-12,72.6,74.61,71.25,72.25,72.22,613710180,613710180,-0.352,-0.48209,72.6775,"February 12, 24",-0.0048209
2024-02-09,70.53,72.19,70.21,72.13,72.11,436637000,436637000,1.6,2.27,71.265,"February 09, 24",0.0227
2024-02-08,70.07,70.79,69.46,69.64,69.61,414422110,414422110,-0.433,-0.61367,69.99,"February 08, 24",-0.0061367
2024-02-07,68.32,70.22,67.6,70.1,70.07,495575000,495575000,1.78,2.61,69.06,"February 07, 24",0.0261
2024-02-06,69.63,69.75,66.3,68.22,68.2,683111360,683111360,-1.41,-2.02,68.475,"February 06, 24",-0.0202
2024-02-05,68.22,69.5,67.21,69.33,69.31,680078010,680078010,1.11,1.63,68.565,"February 05, 24",0.0163
2024-02-02,63.97,66.6,63.69,66.16,66.14,476578000,476578000,2.19,3.42,65.105,"February 02, 24",0.0342
2024-02-01,62.1,63.19,61.65,63.03,63.0,369146000,369146000,0.927,1.5,62.4925,"February 01, 24",0.015
2024-01-31,61.44,62.27,60.7,61.53,61.5,453795000,453795000,0.087,0.14648,61.485,"January 31, 24",0.0014648
2024-01-30,62.9,63.49,62.26,62.77,62.75,410735300,410735300,-0.126,-0.20668,62.855,"January 30, 24",-0.0020668
2024-01-29,61.23,62.49,60.91,62.47,62.44,348733000,348733000,1.23,2.03,61.775,"January 29, 24",0.0203
2024-01-26,60.96,61.78,60.57,61.03,61.01,390309000,390309000,0.071,0.11483,61.085,"January 26, 24",0.0011483
2024-01-25,62.35,62.72,60.85,61.62,61.59,482777000,482777000,-0.733,-1.17,61.885,"January 25, 24",-0.0117
2024-01-24,60.3,62.85,59.94,61.36,61.34,560271000,560271000,1.06,1.76,61.1125,"January 24, 24",0.0176
2024-01-23,59.57,59.91,58.59,59.87,59.85,294654450,294654450,0.303,0.50361,59.485,"January 23, 24",0.0050361
2024-01-22,60.05,60.33,59.07,59.65,59.63,452955000,452955000,-0.395,-0.66611,59.775,"January 22, 24",-0.0066611
2024-01-19,57.99,59.5,57.23,59.49,59.47,543501480,543501480,1.5,2.59,58.5525,"January 19, 24",0.0259
2024-01-18,57.26,57.6,56.11,57.11,57.09,491650360,491650360,-0.153,-0.26196,57.02,"January 18, 24",-0.0026196
2024-01-17,56.35,56.47,54.74,56.05,56.03,474394440,474394440,-0.294,-0.53239,55.9025,"January 17, 24",-0.0053239
2024-01-16,55.02,56.83,54.9,56.38,56.36,449580000,449580000,1.36,2.47,55.7825,"January 16, 24",0.0247
2024-01-12,54.62,54.97,54.33,54.71,54.69,352994000,352994000,0.09,0.16477,54.6575,"January 12, 24",0.0016477
2024-01-11,55.0,55.35,53.56,54.82,54.8,596759000,596759000,-0.177,-0.32727,54.6825,"January 11, 24",-0.0032727
2024-01-10,53.62,54.6,53.49,54.35,54.33,533796000,533796000,0.734,1.36,54.015,"January 10, 24",0.0136
2024-01-09,52.4,54.33,51.69,53.14,53.12,773100060,773100060,0.739,1.41,52.89,"January 09, 24",0.0141
2024-01-08,49.51,52.28,49.48,52.25,52.23,642510000,642510000,2.74,5.53,50.88,"January 08, 24",0.0553
2024-01-05,48.46,49.55,48.31,49.1,49.08,415039270,415039270,0.635,1.32,48.855,"January 05, 24",0.0132
2024-01-04,47.77,48.5,47.51,48.0,47.98,306535000,306535000,0.231,0.48147,47.945,"January 04, 24",0.0048147
2024-01-03,47.49,48.18,47.32,47.57,47.55,320896170,320896170,0.084,0.16846,47.64,"January 03, 24",0.0016846
2024-01-02,49.24,49.3,47.6,48.17,48.15,411254220,411254220,-1.08,-2.17,48.5775,"January 02, 24",-0.0217
2023-12-29,49.81,50.0,48.75,49.52,49.5,389293300,389293300,-0.291,-0.58221,49.52,"December 29, 23",-0.0058221
2023-12-28,49.64,49.88,49.41,49.52,49.5,246587480,246587480,-0.121,-0.24174,49.6125,"December 28, 23",-0.0024174
2023-12-27,49.51,49.68,49.09,49.42,49.4,233648000,233648000,-0.094,-0.18178,49.425,"December 27, 23",-0.0018178
2023-12-26,48.97,49.6,48.96,49.28,49.26,244200000,244200000,0.311,0.63304,49.2025,"December 26, 23",0.0063304
2023-12-22,49.2,49.38,48.47,48.83,48.81,252507000,252507000,-0.365,-0.75203,48.97,"December 22, 23",-0.0075203
2023-12-21,48.81,49.1,48.42,48.99,48.97,300425350,300425350,0.179,0.36878,48.83,"December 21, 23",0.0036878
2023-12-20,49.66,50.0,48.1,48.11,48.09,397894390,397894390,-1.54,-3.12,48.9675,"December 20, 23",-0.0312
2023-12-19,49.42,49.7,48.9,49.6,49.59,464444460,464444460,0.18,0.36423,49.405,"December 19, 23",0.0036423
2023-12-18,49.4,50.43,49.15,50.08,50.06,412587170,412587170,0.677,1.38,49.765,"December 18, 23",0.0138
2023-12-15,48.19,49.4,48.12,48.89,48.87,479948000,479948000,0.696,1.45,48.65,"December 15, 23",0.0145
2023-12-14,48.39,48.67,47.42,48.35,48.33,391232000,391232000,-0.04,-0.08266171,48.2075,"December 14, 23",-0.0008266171
2023-12-13,47.63,48.59,47.61,48.09,48.07,447792000,447792000,0.459,0.96578,47.98,"December 13, 23",0.0096578
2023-12-12,46.05,47.67,46.05,47.66,47.64,372387000,372387000,1.61,3.5,46.8575,"December 12, 23",0.035
2023-12-11,47.49,47.53,45.83,46.63,46.61,509728090,509728090,-0.864,-1.81,46.87,"December 11, 23",-0.0181
2023-12-08,46.6,47.74,46.55,47.51,47.49,359224000,359224000,0.911,1.95,47.1,"December 08, 23",0.0195
2023-12-07,45.7,46.63,45.6,46.6,46.58,350823000,350823000,0.896,1.97,46.1325,"December 07, 23",0.0197
2023-12-06,47.21,47.39,45.41,45.5,45.49,380590000,380590000,-1.71,-3.62,46.3775,"December 06, 23",-0.0362
2023-12-05,45.47,46.6,45.27,46.57,46.55,371718000,371718000,1.1,2.42,45.9775,"December 05, 23",0.0242
2023-12-04,46.08,46.08,45.01,45.51,45.49,437543440,437543440,-0.567,-1.24,45.67,"December 04, 23",-0.0124
2023-12-01,46.53,47.2,46.19,46.77,46.74,369317010,369317010,0.24,0.5158,46.6725,"December 01, 23",0.005158
2023-11-30,48.02,48.11,46.42,46.77,46.75,526247000,526247000,-1.25,-2.6,47.33,"November 30, 23",-0.026
2023-11-29,48.38,48.76,47.86,48.14,48.12,382005000,382005000,-0.239,-0.49607,48.285,"November 29, 23",-0.0049607
2023-11-28,48.24,48.32,47.47,47.82,47.8,401491000,401491000,-0.415,-0.87065,47.9625,"November 28, 23",-0.0087065
2023-11-27,47.8,48.53,47.65,48.24,48.22,395662000,395662000,0.442,0.9205,48.055,"November 27, 23",0.009205
2023-11-24,48.47,48.92,47.75,47.78,47.75,294645000,294645000,-0.69401,-1.42,48.23,"November 24, 23",-0.0142
2023-11-22,49.85,50.33,47.69,48.72,48.69,900642330,900642330,-1.14,-2.27,49.1475,"November 22, 23",-0.0227
2023-11-21,50.13,50.52,49.22,49.94,49.92,565747000,565747000,-0.182,-0.37901,49.9525,"November 21, 23",-0.0037901
2023-11-20,49.31,50.55,49.18,50.41,50.39,416142600,416142600,1.1,2.23,49.8625,"November 20, 23",0.0223
2023-11-17,49.52,49.72,49.01,49.3,49.28,325896910,325896910,-0.226,-0.44426,49.3875,"November 17, 23",-0.0044426
2023-11-16,48.68,49.52,48.33,49.48,49.46,339756240,339756240,0.801,1.64,49.0025,"November 16, 23",0.0164
2023-11-15,49.94,49.96,48.2,48.89,48.87,475497350,475497350,-1.05,-2.1,49.2475,"November 15, 23",-0.021
2023-11-14,49.68,49.83,49.04,49.66,49.63,416954000,416954000,-0.024,-0.04025765,49.5525,"November 14, 23",-0.0004025765
2023-11-13,48.32,49.12,48.1,48.62,48.6,384136000,384136000,0.3,0.62086,48.54,"November 13, 23",0.0062086
2023-11-10,47.5,48.47,47.28,48.34,48.31,422441560,422441560,0.835,1.77,47.8975,"November 10, 23",0.0177
2023-11-09,47.47,48.23,46.75,46.95,46.93,540496000,540496000,-0.517,-1.1,47.35,"November 09, 23",-0.011
2023-11-08,46.1,46.87,45.97,46.57,46.55,346719000,346719000,0.474,1.02,46.3775,"November 08, 23",0.0102
2023-11-07,45.72,46.22,45.16,45.96,45.93,343165470,343165470,0.236,0.52493,45.765,"November 07, 23",0.0052493
2023-11-06,45.28,45.94,44.9,45.75,45.73,400733350,400733350,0.4665,1.04,45.4675,"November 06, 23",0.0104
2023-11-03,44.02,45.31,43.72,45.01,44.98,424610000,424610000,0.985,2.25,44.515,"November 03, 23",0.0225
2023-11-02,43.33,43.88,42.89,43.51,43.49,409172000,409172000,0.178,0.41542,43.4025,"November 02, 23",0.0041542
2023-11-01,40.88,42.38,40.87,42.33,42.31,437593000,437593000,1.44,3.55,41.615,"November 01, 23",0.0355
2023-10-31,40.45,40.88,39.23,40.78,40.76,517969000,517969000,0.33,0.81582,40.335,"October 31, 23",0.0081582
2023-10-30,41.09,41.77,40.48,41.16,41.14,388028140,388028140,0.074,0.17036,41.125,"October 30, 23",0.0017036
2023-10-27,41.13,41.21,40.02,40.5,40.48,416784410,416784410,-0.63,-1.53,40.715,"October 27, 23",-0.0153
2023-10-26,41.85,42.26,39.88,40.33,40.31,541001320,541001320,-1.53,-3.63,41.08,"October 26, 23",-0.0363
2023-10-25,43.4,43.65,41.56,41.78,41.76,398379220,398379220,-1.62,-3.73,42.5975,"October 25, 23",-0.0373
2023-10-24,43.08,43.7,42.69,43.66,43.64,401463370,401463370,0.586,1.35,43.2825,"October 24, 23",0.0135
2023-10-23,41.23,43.25,40.95,42.98,42.96,478530490,478530490,1.75,4.24,42.1025,"October 23, 23",0.0424
2023-10-20,41.89,42.47,41.08,41.39,41.37,477266050,477266050,-0.503,-1.19,41.7075,"October 20, 23",-0.0119
2023-10-19,42.81,43.3,41.88,42.1,42.08,501233080,501233080,-0.71,-1.66,42.5225,"October 19, 23",-0.0166
2023-10-18,42.59,43.22,41.83,42.2,42.18,627294340,627294340,-0.395,-0.91571,42.46,"October 18, 23",-0.0091571
2023-10-17,44.0,44.75,42.48,43.94,43.92,812333000,812333000,-0.062,-0.13636,43.7925,"October 17, 23",-0.0013636
2023-10-16,45.06,46.23,44.91,46.1,46.07,375099240,375099240,1.03,2.31,45.575,"October 16, 23",0.0231
2023-10-13,46.96,47.12,45.28,45.46,45.44,475425990,475425990,-1.5,-3.19,46.205,"October 13, 23",-0.0319
2023-10-12,46.78,47.61,46.33,46.95,46.92,481325000,481325000,0.168,0.3634,46.9175,"October 12, 23",0.003634
2023-10-11,46.2,46.86,46.05,46.81,46.78,378137000,378137000,0.61,1.32,46.48,"October 11, 23",0.0132
2023-10-10,45.31,46.26,45.09,45.8,45.78,368582080,368582080,0.488,1.08,45.615,"October 10, 23",0.0108
2023-10-09,44.84,45.61,44.37,45.27,45.25,409675000,409675000,0.431,0.95897,45.0225,"October 09, 23",0.0095897
2023-10-06,44.19,45.79,44.03,45.76,45.74,434436020,434436020,1.57,3.55,44.9425,"October 06, 23",0.0355
2023-10-05,44.05,44.9,43.89,44.69,44.67,393483090,393483090,0.638,1.45,44.3825,"October 05, 23",0.0145
2023-10-04,43.74,44.14,43.29,44.04,44.02,361821000,361821000,0.299,0.68587,43.8025,"October 04, 23",0.0068587
2023-10-03,44.81,45.13,43.25,43.52,43.5,470850000,470850000,-1.29,-2.88,44.1775,"October 03, 23",-0.0288
2023-10-02,44.03,45.18,43.86,44.78,44.76,433298210,433298210,0.752,1.7,44.4625,"October 02, 23",0.017
2023-09-29,43.83,44.14,43.31,43.5,43.48,397830000,397830000,-0.328,-0.75291,43.695,"September 29, 23",-0.0075291
2023-09-28,42.46,43.45,42.12,43.09,43.07,424663000,424663000,0.629,1.48,42.78,"September 28, 23",0.0148
2023-09-27,42.33,42.87,41.63,42.47,42.45,444935200,444935200,0.138,0.33073,42.325,"September 27, 23",0.0033073
2023-09-26,42.0,42.82,41.66,41.91,41.89,402282090,402282090,-0.09,-0.21429,42.0975,"September 26, 23",-0.0021429
2023-09-25,41.59,42.54,41.18,42.22,42.2,419091000,419091000,0.631,1.51,41.8825,"September 25, 23",0.0151
2023-09-22,41.57,42.12,41.23,41.61,41.59,479236310,479236310,0.038,0.09622324,41.6325,"September 22, 23",0.0009622324
2023-09-21,41.58,42.1,40.98,41.02,41.0,450736000,450736000,-0.566,-1.35,41.42,"September 21, 23",-0.0135
2023-09-20,43.6,43.9,42.22,42.24,42.22,367108000,367108000,-1.36,-3.12,42.99,"September 20, 23",-0.0312
2023-09-19,43.83,43.97,43.0,43.52,43.5,373064240,373064240,-0.313,-0.70728,43.58,"September 19, 23",-0.0070728
2023-09-18,42.75,44.24,42.0,43.97,43.95,500271000,500271000,1.22,2.85,43.24,"September 18, 23",0.0285
2023-09-15,45.34,45.6,43.81,43.9,43.88,506831000,506831000,-1.44,-3.18,44.6625,"September 15, 23",-0.0318
2023-09-14,45.95,45.99,45.13,45.58,45.56,370097200,370097200,-0.369,-0.80522,45.6625,"September 14, 23",-0.0080522
2023-09-13,44.6,45.93,44.5,45.49,45.46,398355350,398355350,0.885,2.0,45.13,"September 13, 23",0.02
2023-09-12,44.74,45.67,44.53,44.87,44.85,349256340,349256340,0.132,0.29057,44.9525,"September 12, 23",0.0029057
2023-09-11,46.15,46.16,44.31,45.18,45.16,473966000,473966000,-0.97,-2.1,45.45,"September 11, 23",-0.021
2023-09-08,45.94,46.61,45.27,45.57,45.55,473899940,473899940,-0.37,-0.8054,45.8475,"September 08, 23",-0.008054
2023-09-07,45.53,46.34,45.15,46.24,46.22,433330000,433330000,0.716,1.56,45.815,"September 07, 23",0.0156
2023-09-06,48.44,48.55,46.58,47.06,47.04,468670000,468670000,-1.38,-2.85,47.6575,"September 06, 23",-0.0285
2023-09-05,48.22,48.85,47.86,48.55,48.52,382653000,382653000,0.325,0.68436,48.37,"September 05, 23",0.0068436
2023-09-01,49.76,49.8,48.14,48.51,48.48,463830300,463830300,-1.25,-2.51,49.0525,"September 01, 23",-0.0251
2023-08-31,49.38,49.74,48.96,49.36,49.33,528570000,528570000,-0.025,-0.04050223,49.36,"August 31, 23",-0.0004050223
2023-08-30,49.04,49.93,48.43,49.26,49.24,735206000,735206000,0.22,0.44861,49.165,"August 30, 23",0.0044861
2023-08-29,46.67,49.08,46.39,48.78,48.76,701397000,701397000,2.12,4.52,47.73,"August 29, 23",0.0452
2023-08-28,46.48,46.98,44.89,46.84,46.81,685192230,685192230,0.353,0.77453,46.2975,"August 28, 23",0.0077453
2023-08-25,47.01,47.81,45.02,46.02,45.99,925341000,925341000,-0.994,-2.11,46.465,"August 25, 23",-0.0211
2023-08-24,50.22,50.27,47.16,47.16,47.14,1156044090,1156044090,-3.05,-6.09,48.7025,"August 24, 23",-0.0609
2023-08-23,45.87,47.2,45.21,47.12,47.09,779046080,779046080,1.25,2.73,46.35,"August 23, 23",0.0273
2023-08-22,48.14,48.19,45.33,45.67,45.64,757206910,757206910,-2.47,-5.13,46.8325,"August 22, 23",-0.0513
2023-08-21,44.49,47.07,44.22,46.97,46.94,692573370,692573370,2.47,5.57,45.6875,"August 21, 23",0.0557
2023-08-18,42.64,43.58,41.66,43.3,43.28,583768000,583768000,0.664,1.55,42.795,"August 18, 23",0.0155
2023-08-17,43.97,44.06,43.0,43.34,43.32,452395000,452395000,-0.6265,-1.43,43.5925,"August 17, 23",-0.0143
2023-08-16,44.52,44.68,43.41,43.49,43.46,527451000,527451000,-1.03,-2.31,44.025,"August 16, 23",-0.0231
2023-08-15,44.56,45.27,43.71,43.94,43.92,676512000,676512000,-0.62,-1.39,44.37,"August 15, 23",-0.0139
2023-08-14,40.49,43.8,40.31,43.75,43.73,690286000,690286000,3.27,8.05,42.0875,"August 14, 23",0.0805
2023-08-11,41.75,42.02,40.64,40.85,40.83,533085260,533085260,-0.896,-2.16,41.315,"August 11, 23",-0.0216
2023-08-10,42.16,43.57,41.84,42.39,42.36,492705300,492705300,0.228,0.54554,42.49,"August 10, 23",0.0054554
2023-08-09,44.27,44.31,42.13,42.55,42.53,586449070,586449070,-1.72,-3.89,43.315,"August 09, 23",-0.0389
2023-08-08,44.85,45.24,44.06,44.66,44.64,353843430,353843430,-0.189,-0.42363,44.7025,"August 08, 23",-0.0042363
2023-08-07,45.11,45.54,44.56,45.42,45.39,322154000,322154000,0.3055,0.68721,45.1575,"August 07, 23",0.0068721
2023-08-04,44.99,45.64,44.39,44.68,44.66,362666180,362666180,-0.305,-0.68904,44.925,"August 04, 23",-0.0068904
2023-08-03,43.8,45.12,43.8,44.52,44.49,325076600,325076600,0.715,1.64,44.31,"August 03, 23",0.0164
2023-08-02,45.83,45.84,43.39,44.27,44.24,530142000,530142000,-1.56,-3.4,44.8325,"August 02, 23",-0.034
2023-08-01,46.46,46.9,46.03,46.51,46.48,239275970,239275970,0.0475,0.10762,46.475,"August 01, 23",0.0010762
2023-07-31,46.75,47.13,46.51,46.73,46.7,251055280,251055280,-0.025,-0.04278075,46.78,"July 31, 23",-0.0004278075
2023-07-28,46.67,47.03,46.38,46.75,46.72,331194240,331194240,0.082,0.17142,46.7075,"July 28, 23",0.0017142
2023-07-27,46.52,47.4,45.75,45.9,45.87,455976000,455976000,-0.619,-1.33,46.3925,"July 27, 23",-0.0133
2023-07-26,46.02,46.05,44.63,45.45,45.43,364237260,364237260,-0.569,-1.24,45.5375,"July 26, 23",-0.0124
2023-07-25,44.94,46.18,44.92,45.68,45.65,348081000,348081000,0.738,1.65,45.43,"July 25, 23",0.0165
2023-07-24,44.73,45.11,44.04,44.61,44.59,383099740,383099740,-0.119,-0.26828,44.6225,"July 24, 23",-0.0026828
2023-07-21,45.79,45.87,44.1,44.31,44.28,963769000,963769000,-1.48,-3.23,45.0175,"July 21, 23",-0.0323
2023-07-20,46.51,47.09,45.06,45.52,45.5,537865000,537865000,-0.987,-2.13,46.045,"July 20, 23",-0.0213
2023-07-19,47.46,47.82,46.74,47.08,47.05,427502000,427502000,-0.387,-0.80067,47.275,"July 19, 23",-0.0080067
2023-07-18,46.7,47.9,45.73,47.49,47.47,570190420,570190420,0.793,1.69,46.955,"July 18, 23",0.0169
2023-07-17,46.29,46.5,45.26,46.46,46.44,510488220,510488220,0.172,0.36725,46.1275,"July 17, 23",0.0036725
2023-07-14,46.58,48.09,45.06,45.47,45.44,772075330,772075330,-1.11,-2.38,46.3,"July 14, 23",-0.0238
2023-07-13,44.52,46.16,44.49,45.98,45.95,478204000,478204000,1.46,3.28,45.2875,"July 13, 23",0.0328
2023-07-12,43.03,43.94,42.78,43.9,43.88,481277020,481277020,0.869,2.02,43.4125,"July 12, 23",0.0202
2023-07-11,42.48,42.76,42.07,42.41,42.38,298244060,298244060,-0.076,-0.16478,42.43,"July 11, 23",-0.0016478
2023-07-10,42.66,42.81,41.65,42.18,42.16,353908110,353908110,-0.477,-1.13,42.325,"July 10, 23",-0.0113
2023-07-07,42.32,43.21,42.18,42.5,42.48,355881470,355881470,0.181,0.42533,42.5525,"July 07, 23",0.0042533
2023-07-06,41.84,42.18,41.35,42.1,42.08,304138790,304138790,0.259,0.62141,41.8675,"July 06, 23",0.0062141
2023-07-05,42.14,43.18,42.09,42.32,42.29,323618000,323618000,0.182,0.42715,42.4325,"July 05, 23",0.0042715
2023-07-03,42.52,42.9,42.2,42.41,42.39,198209190,198209190,-0.104,-0.2587,42.5075,"July 03, 23",-0.002587
2023-06-30,41.68,42.55,41.5,42.3,42.28,501148000,501148000,0.622,1.49,42.0075,"June 30, 23",0.0149
2023-06-29,41.56,41.6,40.6,40.82,40.8,380514300,380514300,-0.736,-1.78,41.145,"June 29, 23",-0.0178
2023-06-28,40.66,41.85,40.52,41.12,41.09,582639270,582639270,0.457,1.13,41.0375,"June 28, 23",0.0113
2023-06-27,40.8,41.94,40.45,41.88,41.85,462175000,462175000,1.08,2.65,41.2675,"June 27, 23",0.0265
2023-06-26,42.46,42.76,40.1,40.63,40.61,594322000,594322000,-1.83,-4.31,41.4875,"June 26, 23",-0.0431
2023-06-23,42.46,42.81,42.02,42.21,42.19,358140000,358140000,-0.255,-0.58879,42.375,"June 23, 23",-0.0058879
2023-06-22,42.25,43.43,42.23,43.03,43.0,417737430,417737430,0.772,1.85,42.735,"June 22, 23",0.0185
2023-06-21,43.5,43.62,42.08,43.05,43.02,551603000,551603000,-0.456,-1.03,43.0625,"June 21, 23",-0.0103
2023-06-20,43.0,43.99,42.67,43.81,43.78,451153110,451153110,0.81,1.88,43.3675,"June 20, 23",0.0188
2023-06-16,43.45,43.72,42.66,42.69,42.67,655709410,655709410,-0.758,-1.75,43.13,"June 16, 23",-0.0175
2023-06-15,42.6,43.29,42.15,42.65,42.63,568622040,568622040,0.051,0.11737,42.6725,"June 15, 23",0.0011737
2023-06-14,40.82,43.0,40.55,43.0,42.97,740465020,740465020,2.17,5.34,41.8425,"June 14, 23",0.0534
2023-06-13,40.19,41.1,39.74,41.02,41.0,613208160,613208160,0.836,2.07,40.5125,"June 13, 23",0.0207
2023-06-12,39.2,39.53,38.62,39.48,39.46,389673350,389673350,0.282,0.71429,39.2075,"June 12, 23",0.0071429
2023-06-09,39.04,39.71,38.57,38.77,38.75,427717470,427717470,-0.267,-0.6916,39.0225,"June 09, 23",-0.006916
2023-06-08,37.72,38.86,37.51,38.51,38.49,417772400,417772400,0.786,2.09,38.15,"June 08, 23",0.0209
2023-06-07,38.92,39.5,37.36,37.48,37.45,511998000,511998000,-1.44,-3.7,38.315,"June 07, 23",-0.037
2023-06-06,38.83,39.16,38.15,38.65,38.63,388729140,388729140,-0.176,-0.46356,38.6975,"June 06, 23",-0.0046356
2023-06-05,38.91,39.57,38.71,39.17,39.15,396094000,396094000,0.262,0.66821,39.09,"June 05, 23",0.0066821
2023-06-02,40.1,40.5,39.06,39.33,39.3,482731210,482731210,-0.77,-1.92,39.7475,"June 02, 23",-0.0192
2023-06-01,38.49,40.05,38.34,39.77,39.74,635873000,635873000,1.28,3.33,39.1625,"June 01, 23",0.0333
2023-05-31,39.49,40.3,37.82,37.83,37.81,1002580200,1002580200,-1.65,-4.2,38.86,"May 31, 23",-0.042
2023-05-30,40.6,41.94,39.95,40.11,40.08,923401100,923401100,-0.484,-1.21,40.65,"May 30, 23",-0.0121
2023-05-26,37.89,39.17,37.55,38.95,38.92,714397000,714397000,1.06,2.8,38.39,"May 26, 23",0.028
2023-05-25,38.52,39.48,36.64,37.98,37.96,1543911000,1543911000,-0.543,-1.4,38.155,"May 25, 23",-0.014
2023-05-24,30.21,30.61,29.81,30.54,30.52,721419000,721419000,0.328,1.09,30.2925,"May 24, 23",0.0109
2023-05-23,31.0,31.29,30.63,30.69,30.67,356253260,356253260,-0.312,-1.0,30.9025,"May 23, 23",-0.01
2023-05-22,30.9,31.52,30.68,31.18,31.16,372000000,372000000,0.275,0.90615,31.07,"May 22, 23",0.0090615
2023-05-19,31.54,31.58,30.92,31.26,31.24,473908000,473908000,-0.272,-0.88776,31.325,"May 19, 23",-0.0088776
2023-05-18,30.41,31.83,30.32,31.68,31.66,748725010,748725010,1.27,4.18,31.06,"May 18, 23",0.0418
2023-05-17,29.58,30.2,29.43,30.18,30.16,432535410,432535410,0.594,2.03,29.8475,"May 17, 23",0.0203
2023-05-16,28.84,29.87,28.83,29.21,29.19,449405000,449405000,0.372,1.28,29.1875,"May 16, 23",0.0128
2023-05-15,28.51,28.97,28.15,28.95,28.93,293926000,293926000,0.4445,1.54,28.645,"May 15, 23",0.0154
2023-05-12,28.53,28.78,28.05,28.34,28.32,274222250,274222250,-0.189,-0.66597,28.425,"May 12, 23",-0.0066597
2023-05-11,28.9,28.95,28.25,28.58,28.56,322149030,322149030,-0.318,-1.11,28.67,"May 11, 23",-0.0111
2023-05-10,29.01,29.11,28.46,28.89,28.87,369350000,369350000,-0.12,-0.41365,28.8675,"May 10, 23",-0.0041365
2023-05-09,28.9,28.97,28.45,28.57,28.55,314869460,314869460,-0.328,-1.14,28.7225,"May 09, 23",-0.0114
2023-05-08,28.52,29.22,28.35,29.15,29.13,344979000,344979000,0.629,2.21,28.81,"May 08, 23",0.0221
2023-05-05,27.83,28.76,27.73,28.68,28.66,361494080,361494080,0.8545,3.05,28.25,"May 05, 23",0.0305
2023-05-04,27.65,27.86,27.24,27.56,27.54,321850410,321850410,-0.089,-0.3255,27.5775,"May 04, 23",-0.003255
2023-05-03,27.84,28.37,27.47,27.8,27.78,383387400,383387400,-0.038,-0.14368,27.87,"May 03, 23",-0.0014368
2023-05-02,28.68,28.84,28.08,28.21,28.19,402730000,402730000,-0.47,-1.64,28.4525,"May 02, 23",-0.0164
2023-05-01,27.84,29.06,27.78,28.91,28.89,570329000,570329000,1.07,3.84,28.3975,"May 01, 23",0.0384
2023-04-28,27.23,27.76,27.07,27.75,27.73,292216140,292216140,0.524,1.91,27.4525,"April 28, 23",0.0191
2023-04-27,27.36,27.5,26.63,27.23,27.21,377161190,377161190,-0.137,-0.47515,27.18,"April 27, 23",-0.0047515
2023-04-26,27.0,27.33,26.71,26.96,26.94,406337000,406337000,-0.046,-0.14815,27.0,"April 26, 23",-0.0014815
2023-04-25,27.08,27.25,26.23,26.24,26.22,378527160,378527160,-0.837,-3.1,26.7,"April 25, 23",-0.031
2023-04-24,27.01,27.37,26.67,27.04,27.02,339282000,339282000,0.029,0.11107,27.0225,"April 24, 23",0.0011107
2023-04-21,26.95,27.18,26.72,27.12,27.1,345103000,345103000,0.167,0.6308,26.9925,"April 21, 23",0.006308
2023-04-20,27.67,28.03,27.0,27.1,27.09,427713260,427713260,-0.567,-2.06,27.45,"April 20, 23",-0.0206
2023-04-19,27.36,28.0,27.23,27.93,27.91,358660410,358660410,0.57,2.08,27.63,"April 19, 23",0.0208
2023-04-18,27.53,28.11,27.36,27.67,27.65,604812000,604812000,0.1335,0.50854,27.6675,"April 18, 23",0.0050854
2023-04-17,26.57,27.01,26.43,27.0,26.98,321471300,321471300,0.4365,1.62,26.7525,"April 17, 23",0.0162
2023-04-14,26.5,26.88,26.22,26.76,26.74,395660130,395660130,0.254,0.98113,26.59,"April 14, 23",0.0098113
2023-04-13,26.73,26.89,26.33,26.46,26.45,353615280,353615280,-0.271,-1.01,26.6025,"April 13, 23",-0.0101
2023-04-12,27.37,27.47,26.45,26.5,26.48,446259000,446259000,-0.875,-3.18,26.9475,"April 12, 23",-0.0318
2023-04-11,27.72,27.79,27.13,27.17,27.15,314378170,314378170,-0.5545,-1.98,27.4525,"April 11, 23",-0.0198
2023-04-10,26.82,27.62,26.67,27.58,27.56,395279000,395279000,0.756,2.83,27.1725,"April 10, 23",0.0283
2023-04-06,26.58,27.08,26.43,27.04,27.02,397654340,397654340,0.453,1.73,26.7825,"April 06, 23",0.0173
2023-04-05,26.83,27.0,26.4,26.88,26.86,515015000,515015000,0.052,0.18636,26.7775,"April 05, 23",0.0018636
2023-04-04,27.97,28.0,27.31,27.45,27.44,368592000,368592000,-0.513,-1.86,27.6825,"April 04, 23",-0.0186
2023-04-03,27.51,28.0,27.34,27.97,27.95,398716000,398716000,0.456,1.67,27.705,"April 03, 23",0.0167
2023-03-31,27.14,27.83,27.11,27.78,27.76,433933000,433933000,0.637,2.36,27.465,"March 31, 23",0.0236
2023-03-30,27.23,27.5,27.1,27.38,27.37,364516000,364516000,0.154,0.55086,27.3025,"March 30, 23",0.0055086
2023-03-29,26.83,27.08,26.6,26.98,26.97,393694000,393694000,0.159,0.55908,26.8725,"March 29, 23",0.0055908
2023-03-28,26.45,26.51,25.85,26.41,26.39,356104000,356104000,-0.037,-0.15123,26.305,"March 28, 23",-0.0015123
2023-03-27,26.84,27.0,26.37,26.53,26.51,361026000,361026000,-0.306,-1.15,26.685,"March 27, 23",-0.0115
2023-03-24,27.03,27.17,26.36,26.78,26.76,455414070,455414070,-0.252,-0.9249,26.835,"March 24, 23",-0.009249
2023-03-23,27.12,27.5,26.69,27.19,27.17,564889000,564889000,0.0755,0.25811,27.125,"March 23, 23",0.0025811
2023-03-22,26.43,27.59,26.24,26.47,26.45,797295110,797295110,0.043,0.15134,26.6825,"March 22, 23",0.0015134
2023-03-21,26.18,26.39,25.38,26.2,26.18,547408000,547408000,0.019,0.07639419,26.0375,"March 21, 23",0.0007639419
2023-03-20,25.62,26.02,25.13,25.9,25.88,432747190,432747190,0.285,1.09,25.6675,"March 20, 23",0.0109
2023-03-17,25.98,26.4,25.67,25.73,25.71,848547000,848547000,-0.257,-0.96228,25.945,"March 17, 23",-0.0096228
2023-03-16,24.03,25.59,23.89,25.54,25.52,584946260,584946260,1.51,6.28,24.7625,"March 16, 23",0.0628
2023-03-15,23.76,24.29,23.36,24.23,24.21,524486000,524486000,0.467,1.98,23.91,"March 15, 23",0.0198
2023-03-14,23.5,24.22,23.46,24.06,24.05,474910130,474910130,0.567,2.38,23.81,"March 14, 23",0.0238
2023-03-13,22.75,23.3,22.3,22.97,22.95,421890320,421890320,0.214,0.96703,22.83,"March 13, 23",0.0096703
2023-03-10,23.41,23.63,22.73,22.97,22.95,474866000,474866000,-0.444,-1.88,23.185,"March 10, 23",-0.0188
2023-03-09,24.18,24.45,23.38,23.44,23.42,501257000,501257000,-0.739,-3.06,23.8625,"March 09, 23",-0.0306
2023-03-08,23.49,24.2,23.42,24.18,24.17,513573390,513573390,0.694,2.94,23.8225,"March 08, 23",0.0294
2023-03-07,23.6,24.13,23.24,23.29,23.27,515154000,515154000,-0.312,-1.31,23.565,"March 07, 23",-0.0131
2023-03-06,23.89,24.25,23.49,23.55,23.53,437429230,437429230,-0.337,-1.42,23.795,"March 06, 23",-0.0142
2023-03-03,23.32,23.9,23.13,23.89,23.87,412393300,412393300,0.57,2.44,23.56,"March 03, 23",0.0244
2023-03-02,22.49,23.38,22.43,23.31,23.29,390074650,390074650,0.826,3.65,22.9025,"March 02, 23",0.0365
2023-03-01,23.19,23.26,22.51,22.7,22.68,460026000,460026000,-0.494,-2.11,22.915,"March 01, 23",-0.0211
2023-02-28,23.37,23.83,23.21,23.22,23.2,455963000,455963000,-0.156,-0.64185,23.4075,"February 28, 23",-0.0064185
2023-02-27,23.67,23.88,23.45,23.5,23.48,452994000,452994000,-0.169,-0.71821,23.625,"February 27, 23",-0.0071821
2023-02-24,23.23,23.47,22.95,23.29,23.27,589716000,589716000,0.061,0.25829,23.235,"February 24, 23",0.0025829
2023-02-23,23.44,23.89,23.03,23.66,23.64,1117995410,1117995410,0.224,0.93857,23.505,"February 23, 23",0.0093857
2023-02-22,20.71,21.1,20.42,20.75,20.74,513184320,513184320,0.047,0.19314,20.745,"February 22, 23",0.0019314
2023-02-21,21.0,21.49,20.62,20.66,20.64,410015000,410015000,-0.345,-1.62,20.9425,"February 21, 23",-0.0162
2023-02-17,21.63,21.74,20.98,21.39,21.37,465888000,465888000,-0.243,-1.11,21.435,"February 17, 23",-0.0111
2023-02-16,22.13,22.55,21.93,22.0,21.98,412026280,412026280,-0.131,-0.58744,22.1525,"February 16, 23",-0.0058744
2023-02-15,22.55,22.86,22.11,22.76,22.75,421188260,421188260,0.215,0.93126,22.57,"February 15, 23",0.0093126
2023-02-14,21.58,23.05,21.37,22.97,22.95,675474000,675474000,1.39,6.44,22.2425,"February 14, 23",0.0644
2023-02-13,21.54,22.05,20.96,21.79,21.77,474919000,474919000,0.25,1.16,21.585,"February 13, 23",0.0116
2023-02-10,21.69,22.08,20.81,21.27,21.25,550737000,550737000,-0.425,-1.94,21.4625,"February 10, 23",-0.0194
2023-02-09,22.61,23.02,22.12,22.34,22.32,523876000,523876000,-0.269,-1.19,22.5225,"February 09, 23",-0.0119
2023-02-08,22.39,22.88,22.01,22.21,22.19,559651220,559651220,-0.182,-0.80393,22.3725,"February 08, 23",-0.0080393
2023-02-07,21.38,22.26,21.15,22.17,22.15,664150000,664150000,0.791,3.7,21.74,"February 07, 23",0.037
2023-02-06,20.81,21.57,20.79,21.09,21.07,452197090,452197090,0.283,1.35,21.065,"February 06, 23",0.0135
2023-02-03,21.0,21.74,20.79,21.1,21.08,429366000,429366000,0.1,0.47619,21.1575,"February 03, 23",0.0047619
2023-02-02,21.0,21.95,20.7,21.71,21.69,564276000,564276000,0.709,3.38,21.34,"February 02, 23",0.0338
2023-02-01,19.69,21.19,19.61,20.94,20.93,660477040,660477040,1.25,6.35,20.3575,"February 01, 23",0.0635
2023-01-31,19.17,19.69,18.95,19.54,19.52,498017000,498017000,0.3675,1.93,19.3375,"January 31, 23",0.0193
2023-01-30,19.95,20.14,19.15,19.16,19.15,488611150,488611150,-0.788,-3.96,19.6,"January 30, 23",-0.0396
2023-01-27,19.46,20.63,19.41,20.36,20.35,542142000,542142000,0.903,4.62,19.965,"January 27, 23",0.0462
2023-01-26,19.7,20.17,19.28,19.8,19.79,489535420,489535420,0.101,0.50761,19.7375,"January 26, 23",0.0050761
2023-01-25,18.91,19.37,18.58,19.32,19.31,449537110,449537110,0.4105,2.17,19.045,"January 25, 23",0.0217
2023-01-24,18.83,19.5,18.82,19.27,19.25,496204100,496204100,0.438,2.34,19.105,"January 24, 23",0.0234
2023-01-23,18.06,19.25,17.82,19.19,19.18,655163000,655163000,1.13,6.26,18.58,"January 23, 23",0.0626
2023-01-20,17.01,17.86,16.83,17.84,17.82,564967120,564967120,0.828,4.88,17.385,"January 20, 23",0.0488
2023-01-19,17.04,17.2,16.73,16.77,16.75,452932000,452932000,-0.271,-1.58,16.935,"January 19, 23",-0.0158
2023-01-18,17.67,17.87,17.28,17.38,17.36,439624000,439624000,-0.29,-1.64,17.55,"January 18, 23",-0.0164
2023-01-17,16.9,17.73,16.9,17.7,17.69,511102160,511102160,0.803,4.73,17.3075,"January 17, 23",0.0473
2023-01-13,16.28,16.92,16.17,16.9,16.89,447287060,447287060,0.621,3.81,16.5675,"January 13, 23",0.0381
2023-01-12,16.1,16.64,15.49,16.51,16.5,551409060,551409060,0.411,2.55,16.185,"January 12, 23",0.0255
2023-01-11,15.84,16.03,15.56,16.0,15.99,353285000,353285000,0.16149,1.01,15.8575,"January 11, 23",0.0101
2023-01-10,15.51,15.96,15.47,15.91,15.9,384101260,384101260,0.402,2.58,15.7125,"January 10, 23",0.0258
2023-01-09,15.28,16.06,15.14,15.63,15.62,504231000,504231000,0.344,2.29,15.5275,"January 09, 23",0.0229
2023-01-06,14.47,15.01,14.03,14.86,14.85,405044000,405044000,0.385,2.7,14.5925,"January 06, 23",0.027
2023-01-05,14.49,14.56,14.15,14.27,14.25,389168110,389168110,-0.226,-1.52,14.3675,"January 05, 23",-0.0152
2023-01-04,14.57,14.85,14.24,14.75,14.74,431324000,431324000,0.182,1.24,14.6025,"January 04, 23",0.0124
2023-01-03,14.85,15.0,14.1,14.32,14.3,401277000,401277000,-0.536,-3.57,14.5675,"January 03, 23",-0.0357
2022-12-30,14.33,14.63,14.23,14.61,14.6,310490000,310490000,0.28,1.95,14.45,"December 30, 22",0.0195
2022-12-29,14.4,14.68,14.23,14.6,14.59,354923240,354923240,0.201,1.39,14.4775,"December 29, 22",0.0139
2022-12-28,13.93,14.26,13.88,14.04,14.02,351066450,351066450,0.109,0.78966,14.0275,"December 28, 22",0.0078966
2022-12-27,15.07,15.1,14.06,14.12,14.11,464902260,464902260,-0.953,-6.3,14.5875,"December 27, 22",-0.063
2022-12-23,15.2,15.34,14.88,15.21,15.19,349326000,349326000,0.01,0.06578947,15.1575,"December 23, 22",0.0006578947
2022-12-22,16.09,16.14,14.88,15.34,15.33,565045270,565045270,-0.7545,-4.66,15.6125,"December 22, 22",-0.0466
2022-12-21,16.11,16.63,16.1,16.5,16.49,325025380,325025380,0.387,2.42,16.335,"December 21, 22",0.0242
2022-12-20,16.06,16.31,15.85,16.09,16.07,403260000,403260000,0.021,0.1868,16.0775,"December 20, 22",0.001868
2022-12-19,16.57,16.61,16.15,16.25,16.24,354039000,354039000,-0.318,-1.93,16.395,"December 19, 22",-0.0193
2022-12-16,16.86,17.04,16.41,16.57,16.56,478232000,478232000,-0.2932,-1.72,16.72,"December 16, 22",-0.0172
2022-12-15,17.15,17.32,16.7,16.95,16.94,478542100,478542100,-0.194,-1.17,17.03,"December 15, 22",-0.0117
2022-12-14,17.99,18.25,17.42,17.67,17.66,496888100,496888100,-0.313,-1.78,17.8325,"December 14, 22",-0.0178
2022-12-13,18.53,18.79,17.71,18.07,18.06,656589000,656589000,-0.459,-2.48,18.275,"December 13, 22",-0.0248
2022-12-12,17.04,17.54,16.8,17.54,17.52,457328000,457328000,0.498,2.93,17.23,"December 12, 22",0.0293
2022-12-09,17.16,17.58,16.98,17.0,16.99,465338190,465338190,-0.159,-0.9324,17.18,"December 09, 22",-0.009324
2022-12-08,16.27,17.18,15.96,17.17,17.15,515456000,515456000,0.896,5.53,16.645,"December 08, 22",0.0553
2022-12-07,15.77,16.19,15.67,16.12,16.11,372388000,372388000,0.348,2.22,15.9375,"December 07, 22",0.0222
2022-12-06,16.53,16.57,15.82,15.99,15.97,352694270,352694270,-0.543,-3.27,16.2275,"December 06, 22",-0.0327
2022-12-05,16.68,17.0,16.47,16.61,16.6,352255170,352255170,-0.069,-0.41966,16.69,"December 05, 22",-0.0041966
2022-12-02,16.66,16.93,16.45,16.88,16.86,371389000,371389000,0.217,1.32,16.73,"December 02, 22",0.0132
2022-12-01,17.0,17.27,16.64,17.14,17.12,470977000,470977000,0.136,0.82353,17.0125,"December 01, 22",0.0082353
2022-11-30,15.7,16.93,15.6,16.92,16.91,565298220,565298220,1.23,7.77,16.2875,"November 30, 22",0.0777
2022-11-29,15.83,15.93,15.52,15.64,15.62,298384490,298384490,-0.188,-1.2,15.73,"November 29, 22",-0.012
2022-11-28,16.03,16.36,15.73,15.83,15.81,304152010,304152010,-0.199,-1.25,15.9875,"November 28, 22",-0.0125
2022-11-25,16.32,16.49,16.17,16.27,16.25,167934300,167934300,-0.048,-0.30637,16.3125,"November 25, 22",-0.0030637
2022-11-23,16.1,16.53,16.05,16.52,16.5,427241000,427241000,0.421,2.61,16.3,"November 23, 22",0.0261
2022-11-22,15.33,16.06,15.12,16.04,16.02,472866070,472866070,0.71,4.63,15.6375,"November 22, 22",0.0463
2022-11-21,15.15,15.48,15.08,15.32,15.3,404739310,404739310,0.17,1.12,15.2575,"November 21, 22",0.0112
2022-11-18,15.97,16.0,15.12,15.41,15.39,492072000,492072000,-0.557,-3.51,15.625,"November 18, 22",-0.0351
2022-11-17,15.72,16.27,15.54,15.68,15.66,710894000,710894000,-0.038,-0.25445,15.8025,"November 17, 22",-0.0025445
2022-11-16,16.16,16.36,15.87,15.91,15.89,649547000,649547000,-0.2515,-1.55,16.075,"November 16, 22",-0.0155
2022-11-15,16.72,17.0,16.38,16.67,16.65,545876000,545876000,-0.0555,-0.29904,16.6925,"November 15, 22",-0.0029904
2022-11-14,16.22,16.54,15.92,16.3,16.28,527852450,527852450,0.077,0.49322,16.245,"November 14, 22",0.0049322
2022-11-11,15.81,16.39,15.48,16.33,16.31,655487470,655487470,0.5195,3.29,16.0025,"November 11, 22",0.0329
2022-11-10,14.8,15.77,14.55,15.75,15.73,700819250,700819250,0.95,6.42,15.2175,"November 10, 22",0.0642
2022-11-09,14.16,14.21,13.76,13.78,13.76,454414000,454414000,-0.3855,-2.68,13.9775,"November 09, 22",-0.0268
2022-11-08,14.8,14.89,14.22,14.6,14.59,595292000,595292000,-0.199,-1.35,14.6275,"November 08, 22",-0.0135
2022-11-07,14.23,14.41,13.95,14.3,14.29,410061000,410061000,0.073,0.49192,14.2225,"November 07, 22",0.0049192
2022-11-04,13.99,14.23,13.7,14.16,14.14,612576000,612576000,0.17,1.22,14.02,"November 04, 22",0.0122
2022-11-03,13.04,13.78,12.96,13.42,13.41,500065000,500065000,0.378,2.91,13.3,"November 03, 22",0.0291
2022-11-02,13.85,14.21,13.21,13.22,13.2,672628000,672628000,-0.631,-4.55,13.6225,"November 02, 22",-0.0455
2022-11-01,13.81,13.93,13.52,13.54,13.53,432817000,432817000,-0.268,-1.96,13.7,"November 01, 22",-0.0196
2022-10-31,13.78,13.84,13.3,13.5,13.48,486341000,486341000,-0.281,-2.03,13.605,"October 31, 22",-0.0203
2022-10-28,13.1,13.85,13.06,13.83,13.82,521040000,521040000,0.73,5.57,13.46,"October 28, 22",0.0557
2022-10-27,13.63,13.84,13.12,13.18,13.16,583113080,583113080,-0.454,-3.3,13.4425,"October 27, 22",-0.033
2022-10-26,12.87,13.39,12.71,12.9,12.88,535533290,535533290,0.027,0.2331,12.9675,"October 26, 22",0.002331
2022-10-25,12.69,13.3,12.66,13.26,13.25,505482330,505482330,0.5675,4.49,12.9775,"October 25, 22",0.0449
2022-10-24,12.51,12.71,12.06,12.6,12.59,517457400,517457400,0.091,0.71942,12.47,"October 24, 22",0.0071942
2022-10-21,12.1,12.5,11.89,12.47,12.45,609494410,609494410,0.3678,3.06,12.24,"October 21, 22",0.0306
2022-10-20,12.11,12.77,12.11,12.19,12.18,652398000,652398000,0.081,0.66061,12.295,"October 20, 22",0.0066061
2022-10-19,11.88,12.35,11.83,12.05,12.04,523131000,523131000,0.172,1.43,12.0275,"October 19, 22",0.0143
2022-10-18,12.34,12.49,11.62,11.97,11.95,659362060,659362060,-0.377,-3.0,12.105,"October 18, 22",-0.03
2022-10-17,11.52,11.95,11.52,11.89,11.88,580774170,580774170,0.37,3.21,11.72,"October 17, 22",0.0321
2022-10-14,12.06,12.11,11.2,11.23,11.21,713432000,713432000,-0.83,-6.88,11.65,"October 14, 22",-0.0688
2022-10-13,10.97,12.08,10.81,11.96,11.95,850103010,850103010,0.989,9.02,11.455,"October 13, 22",0.0902
2022-10-12,11.58,11.74,11.35,11.5,11.49,492590190,492590190,-0.079,-0.69085,11.5425,"October 12, 22",-0.0069085
2022-10-11,11.56,11.85,11.28,11.59,11.57,667482000,667482000,0.025,0.25952,11.57,"October 11, 22",0.0025952
2022-10-10,12.04,12.12,11.41,11.67,11.66,698699250,698699250,-0.367,-3.07,11.81,"October 10, 22",-0.0307
2022-10-07,12.51,12.67,12.02,12.08,12.06,672478160,672478160,-0.429,-3.44,12.32,"October 07, 22",-0.0344
2022-10-06,13.22,13.66,13.1,13.13,13.12,644157000,644157000,-0.09,-0.68079,13.2775,"October 06, 22",-0.0068079
2022-10-05,12.91,13.32,12.62,13.21,13.19,507131000,507131000,0.2983,2.32,13.015,"October 05, 22",0.0232
2022-10-04,12.88,13.22,12.88,13.17,13.15,584182000,584182000,0.288,2.25,13.0375,"October 04, 22",0.0225
2022-10-03,12.35,12.68,12.11,12.51,12.5,547478470,547478470,0.165,1.3,12.4125,"October 03, 22",0.013
2022-09-30,12.09,12.63,12.08,12.14,12.13,565638420,565638420,0.052,0.41356,12.235,"September 30, 22",0.0041356
2022-09-29,12.45,12.5,11.95,12.22,12.21,532763120,532763120,-0.228,-1.85,12.28,"September 29, 22",-0.0185
2022-09-28,12.41,12.82,12.35,12.74,12.72,542414000,542414000,0.326,2.66,12.58,"September 28, 22",0.0266
2022-09-27,12.51,12.74,12.26,12.41,12.4,553854060,553854060,-0.094,-0.79936,12.48,"September 27, 22",-0.0079936
2022-09-26,12.49,12.66,12.21,12.23,12.21,547343000,547343000,-0.263,-2.08,12.3975,"September 26, 22",-0.0208
2022-09-23,12.42,12.61,12.26,12.52,12.5,663309310,663309310,0.096,0.80515,12.4525,"September 23, 22",0.0080515
2022-09-22,13.07,13.15,12.43,12.56,12.55,759162160,759162160,-0.509,-3.9,12.8025,"September 22, 22",-0.039
2022-09-21,13.21,14.03,13.11,13.26,13.25,807679400,807679400,0.048,0.3785,13.4025,"September 21, 22",0.003785
2022-09-20,13.21,13.48,13.06,13.18,13.16,524818000,524818000,-0.0385,-0.2271,13.2325,"September 20, 22",-0.002271
2022-09-19,13.01,13.46,13.01,13.38,13.37,569685280,569685280,0.37,2.84,13.215,"September 19, 22",0.0284
2022-09-16,12.74,13.21,12.62,13.2,13.18,670751400,670751400,0.4565,3.61,12.9425,"September 16, 22",0.0361
2022-09-15,13.02,13.23,12.79,12.93,12.92,523625160,523625160,-0.0862,-0.69124,12.9925,"September 15, 22",-0.0069124
2022-09-14,13.25,13.29,12.91,13.13,13.11,588507000,588507000,-0.126,-0.90566,13.145,"September 14, 22",-0.0090566
2022-09-13,13.8,13.92,13.1,13.13,13.12,714956000,714956000,-0.671,-4.86,13.4875,"September 13, 22",-0.0486
2022-09-12,14.37,14.55,14.2,14.51,14.49,484159240,484159240,0.136,0.97425,14.4075,"September 12, 22",0.0097425
2022-09-09,14.16,14.47,14.13,14.39,14.37,487128420,487128420,0.23,1.62,14.2875,"September 09, 22",0.0162
2022-09-08,13.46,14.01,13.37,13.99,13.97,624873120,624873120,0.531,3.94,13.7075,"September 08, 22",0.0394
2022-09-07,13.56,13.84,13.35,13.71,13.7,512657460,512657460,0.151,1.11,13.615,"September 07, 22",0.0111
2022-09-06,13.73,13.78,13.35,13.47,13.45,535751180,535751180,-0.266,-1.89,13.5825,"September 06, 22",-0.0189
2022-09-02,14.1,14.17,13.59,13.65,13.63,743157460,743157460,-0.453,-3.19,13.8775,"September 02, 22",-0.0319
2022-09-01,14.21,14.38,13.27,13.94,13.92,1178865140,1178865140,-0.272,-1.9,13.95,"September 01, 22",-0.019
2022-08-31,15.38,15.54,14.96,15.09,15.07,573710000,573710000,-0.29,-1.89,15.2425,"August 31, 22",-0.0189
2022-08-30,15.96,16.04,15.18,15.47,15.45,530181000,530181000,-0.492,-3.07,15.6625,"August 30, 22",-0.0307
2022-08-29,16.02,16.34,15.77,15.8,15.78,496132000,496132000,-0.219,-1.37,15.9825,"August 29, 22",-0.0137
2022-08-26,17.86,17.92,16.24,16.26,16.24,769127430,769127430,-1.6,-8.96,17.07,"August 26, 22",-0.0896
2022-08-25,16.84,17.95,16.83,17.91,17.89,770691330,770691330,1.07,6.35,17.3825,"August 25, 22",0.0635
2022-08-24,17.01,17.41,16.9,17.22,17.2,522661000,522661000,0.21,1.23,17.135,"August 24, 22",0.0123
2022-08-23,16.99,17.47,16.97,17.18,17.16,369986000,369986000,0.1925,1.12,17.1525,"August 23, 22",0.0112
2022-08-22,17.49,17.56,16.97,17.03,17.01,409593000,409593000,-0.456,-2.63,17.2625,"August 22, 22",-0.0263
2022-08-19,18.41,18.52,17.77,17.85,17.82,441588330,441588330,-0.557,-3.04,18.1375,"August 19, 22",-0.0304
2022-08-18,18.3,18.86,18.18,18.77,18.75,415447000,415447000,0.472,2.57,18.5275,"August 18, 22",0.0257
2022-08-17,18.52,18.69,18.15,18.34,18.31,446799110,446799110,-0.188,-0.97192,18.425,"August 17, 22",-0.0097192
2022-08-16,18.92,19.14,18.5,18.88,18.85,451240000,451240000,-0.0405,-0.21142,18.86,"August 16, 22",-0.0021142
2022-08-15,18.7,19.16,18.61,19.03,19.01,457666000,457666000,0.331,1.76,18.875,"August 15, 22",0.0176
2022-08-12,18.16,18.72,17.95,18.71,18.68,478094150,478094150,0.549,3.03,18.385,"August 12, 22",0.0303
2022-08-11,18.13,18.71,17.88,17.94,17.92,509327000,509327000,-0.189,-1.05,18.165,"August 11, 22",-0.0105
2022-08-10,17.7,18.12,17.32,18.1,18.07,597422460,597422460,0.399,2.26,17.81,"August 10, 22",0.0226
2022-08-09,17.25,17.45,16.72,17.09,17.06,668263000,668263000,-0.166,-0.92754,17.1275,"August 09, 22",-0.0092754
2022-08-08,17.5,18.24,17.24,17.79,17.77,983783180,983783180,0.291,1.66,17.6925,"August 08, 22",0.0166
2022-08-05,18.81,19.23,18.67,18.99,18.96,386068290,386068290,0.179,0.95694,18.925,"August 05, 22",0.0095694
2022-08-04,18.85,19.27,18.76,19.22,19.19,409652270,409652270,0.366,1.96,19.025,"August 04, 22",0.0196
2022-08-03,18.18,18.97,18.14,18.89,18.87,418146000,418146000,0.709,3.91,18.545,"August 03, 22",0.0391
2022-08-02,18.12,18.94,18.09,18.53,18.5,489527000,489527000,0.404,2.26,18.42,"August 02, 22",0.0226
2022-08-01,18.18,18.85,17.99,18.44,18.42,476469040,476469040,0.259,1.43,18.365,"August 01, 22",0.0143
2022-07-29,17.81,18.24,17.69,18.16,18.14,435460420,435460420,0.35,1.97,17.975,"July 29, 22",0.0197
2022-07-28,17.98,18.14,17.44,17.98,17.96,474646280,474646280,0.009,0.0,17.885,"July 28, 22",0.0
2022-07-27,17.03,17.94,16.91,17.79,17.77,569776230,569776230,0.758,4.46,17.4175,"July 27, 22",0.0446
2022-07-26,16.89,16.92,16.48,16.53,16.51,397865000,397865000,-0.356,-2.13,16.705,"July 26, 22",-0.0213
2022-07-25,17.02,17.12,16.65,17.02,17.0,480748000,480748000,0.005,0.0,16.9525,"July 25, 22",0.0
2022-07-22,17.89,17.97,17.14,17.32,17.3,536671000,536671000,-0.574,-3.19,17.58,"July 22, 22",-0.0319
2022-07-21,17.89,18.14,17.54,18.05,18.03,557049280,557049280,0.165,0.89435,17.905,"July 21, 22",0.0089435
2022-07-20,16.95,17.93,16.8,17.81,17.78,760538000,760538000,0.86,5.07,17.3725,"July 20, 22",0.0507
2022-07-19,16.49,17.11,16.17,16.99,16.97,702366080,702366080,0.506,3.03,16.69,"July 19, 22",0.0303
2022-07-18,16.3,16.9,16.0,16.1,16.08,670517450,670517450,-0.201,-1.23,16.325,"July 18, 22",-0.0123
2022-07-15,15.66,15.78,15.45,15.76,15.74,385935470,385935470,0.103,0.63857,15.6625,"July 15, 22",0.0063857
2022-07-14,15.11,15.47,14.73,15.37,15.35,456235000,456235000,0.264,1.72,15.17,"July 14, 22",0.0172
2022-07-13,14.59,15.38,14.47,15.16,15.14,521918340,521918340,0.574,3.91,14.9,"July 13, 22",0.0391
2022-07-12,15.27,15.43,14.88,15.08,15.06,458483100,458483100,-0.186,-1.24,15.165,"July 12, 22",-0.0124
2022-07-11,15.53,15.53,15.04,15.15,15.13,438388730,438388730,-0.374,-2.45,15.3125,"July 11, 22",-0.0245
2022-07-08,15.43,16.04,15.39,15.84,15.82,467972000,467972000,0.408,2.66,15.675,"July 08, 22",0.0266
2022-07-07,15.46,15.95,15.39,15.86,15.84,492903000,492903000,0.4025,2.59,15.665,"July 07, 22",0.0259
2022-07-06,15.01,15.32,14.79,15.13,15.11,529066000,529066000,0.12,0.79947,15.0625,"July 06, 22",0.0079947
2022-07-05,14.18,14.97,14.06,14.96,14.94,652207610,652207610,0.789,5.5,14.5425,"July 05, 22",0.055
2022-07-01,14.9,15.06,14.39,14.52,14.5,577610080,577610080,-0.376,-2.55,14.7175,"July 01, 22",-0.0255
2022-06-30,15.36,15.57,14.86,15.16,15.14,686070030,686070030,-0.202,-1.3,15.2375,"June 30, 22",-0.013
2022-06-29,15.81,15.82,15.17,15.54,15.52,482352280,482352280,-0.272,-1.71,15.585,"June 29, 22",-0.0171
2022-06-28,16.9,17.2,15.95,15.98,15.96,461859360,461859360,-0.918,-5.44,16.5075,"June 28, 22",-0.0544
2022-06-27,17.31,17.33,16.63,16.87,16.85,427968000,427968000,-0.443,-2.54,17.035,"June 27, 22",-0.0254
2022-06-24,16.5,17.14,16.31,17.13,17.1,472153000,472153000,0.626,3.82,16.77,"June 24, 22",0.0382
2022-06-23,16.52,16.59,15.85,16.23,16.2,463680000,463680000,-0.2935,-1.76,16.2975,"June 23, 22",-0.0176
2022-06-22,16.23,16.66,16.18,16.36,16.34,437997440,437997440,0.134,0.80099,16.3575,"June 22, 22",0.0080099
2022-06-21,16.47,17.01,16.41,16.57,16.54,483089000,483089000,0.0915,0.60716,16.615,"June 21, 22",0.0060716
2022-06-17,15.65,16.0,15.33,15.88,15.86,630334000,630334000,0.232,1.47,15.715,"June 17, 22",0.0147
2022-06-16,15.86,15.94,15.4,15.6,15.58,545749000,545749000,-0.259,-1.64,15.7,"June 16, 22",-0.0164
2022-06-15,16.1,16.87,15.93,16.53,16.5,563936000,563936000,0.432,2.67,16.3575,"June 15, 22",0.0267
2022-06-14,15.73,16.07,15.41,15.84,15.81,469680000,469680000,0.105,0.6993,15.7625,"June 14, 22",0.006993
2022-06-13,16.0,16.31,15.61,15.65,15.63,604153380,604153380,-0.353,-2.19,15.8925,"June 13, 22",-0.0219
2022-06-10,17.6,17.7,16.87,16.97,16.95,465649660,465649660,-0.626,-3.58,17.285,"June 10, 22",-0.0358
2022-06-09,18.48,18.93,18.04,18.05,18.02,395574000,395574000,-0.433,-2.33,18.375,"June 09, 22",-0.0233
2022-06-08,18.8,19.18,18.54,18.65,18.62,363252460,363252460,-0.151,-0.79787,18.7925,"June 08, 22",-0.0079787
2022-06-07,18.47,19.0,18.19,18.93,18.9,388914110,388914110,0.454,2.49,18.6475,"June 07, 22",0.0249
2022-06-06,19.14,19.34,18.56,18.79,18.76,422406150,422406150,-0.353,-1.83,18.9575,"June 06, 22",-0.0183
2022-06-03,19.08,19.33,18.52,18.72,18.69,598779000,598779000,-0.3615,-1.89,18.9125,"June 03, 22",-0.0189
2022-06-02,18.29,19.62,18.2,19.59,19.56,648656000,648656000,1.3,7.11,18.925,"June 02, 22",0.0711
2022-06-01,18.72,19.05,18.12,18.32,18.29,544514000,544514000,-0.404,-2.14,18.5525,"June 01, 22",-0.0214
2022-05-31,18.98,19.2,18.35,18.67,18.64,664100000,664100000,-0.308,-1.63,18.8,"May 31, 22",-0.0163
2022-05-27,18.19,18.88,18.1,18.81,18.78,738379350,738379350,0.625,3.41,18.495,"May 27, 22",0.0341
2022-05-26,16.04,18.09,16.02,17.85,17.82,996575000,996575000,1.81,11.28,17.0,"May 26, 22",0.1128
2022-05-25,16.02,17.11,16.0,16.98,16.95,781132000,781132000,0.955,5.99,16.5275,"May 25, 22",0.0599
2022-05-24,16.51,16.6,15.78,16.15,16.13,588550020,588550020,-0.356,-2.18,16.26,"May 24, 22",-0.0218
2022-05-23,16.27,16.92,16.18,16.9,16.87,639889000,639889000,0.624,3.87,16.5675,"May 23, 22",0.0387
2022-05-20,17.33,17.41,15.76,16.69,16.67,739105260,739105260,-0.638,-3.69,16.7975,"May 20, 22",-0.0369
2022-05-19,16.94,17.69,16.73,17.12,17.1,621310000,621310000,0.187,1.06,17.12,"May 19, 22",0.0106
2022-05-18,17.7,18.12,16.86,16.94,16.91,545161060,545161060,-0.767,-4.29,17.405,"May 18, 22",-0.0429
2022-05-17,18.07,18.37,17.63,18.18,18.15,585830000,585830000,0.103,0.60874,18.0625,"May 17, 22",0.0060874
2022-05-16,17.51,17.79,17.11,17.26,17.24,521446000,521446000,-0.245,-1.43,17.4175,"May 16, 22",-0.0143
2022-05-13,16.79,17.93,16.59,17.71,17.68,670437000,670437000,0.918,5.48,17.255,"May 13, 22",0.0548
2022-05-12,16.22,16.79,15.57,16.18,16.15,708728370,708728370,-0.0441,-0.24661,16.19,"May 12, 22",-0.0024661
2022-05-11,17.35,17.75,16.57,16.63,16.6,670167030,670167030,-0.717,-4.15,17.075,"May 11, 22",-0.0415
2022-05-10,17.69,18.2,17.02,17.6,17.57,761474290,761474290,-0.094,-0.50876,17.6275,"May 10, 22",-0.0050876
2022-05-09,18.03,18.26,16.83,16.95,16.92,644455000,644455000,-1.08,-5.99,17.5175,"May 09, 22",-0.0599
2022-05-06,18.74,19.51,17.99,18.68,18.65,633297000,633297000,-0.061,-0.32017,18.73,"May 06, 22",-0.0032017
2022-05-05,19.87,19.93,18.5,18.84,18.81,626331410,626331410,-1.02,-5.18,19.285,"May 05, 22",-0.0518
2022-05-04,19.92,20.4,18.75,20.33,20.3,648855000,648855000,0.411,2.06,19.85,"May 04, 22",0.0206
2022-05-03,19.4,19.83,19.13,19.6,19.57,475751000,475751000,0.202,1.03,19.49,"May 03, 22",0.0103
2022-05-02,18.54,19.57,18.39,19.53,19.5,572049000,572049000,0.9925,5.34,19.0075,"May 02, 22",0.0534
2022-04-29,19.4,20.13,18.52,18.55,18.52,500435000,500435000,-0.855,-4.38,19.15,"April 29, 22",-0.0438
2022-04-28,18.97,20.04,18.49,19.78,19.75,570327000,570327000,0.815,4.27,19.32,"April 28, 22",0.0427
2022-04-27,18.6,19.17,18.29,18.42,18.39,499460170,499460170,-0.183,-0.96774,18.62,"April 27, 22",-0.0096774
2022-04-26,19.72,19.79,18.67,18.79,18.76,653143000,653143000,-0.93,-4.72,19.2425,"April 26, 22",-0.0472
2022-04-25,19.2,19.95,19.1,19.9,19.87,641566000,641566000,0.7,3.65,19.5375,"April 25, 22",0.0365
2022-04-22,20.3,20.49,19.5,19.52,19.48,624713430,624713430,-0.788,-3.84,19.9525,"April 22, 22",-0.0384
2022-04-21,21.71,22.39,20.0,20.18,20.15,656209440,656209440,-1.53,-7.05,21.07,"April 21, 22",-0.0705
2022-04-20,22.52,22.67,21.2,21.48,21.45,468974440,468974440,-1.04,-4.62,21.9675,"April 20, 22",-0.0462
2022-04-19,21.72,22.37,21.31,22.2,22.16,512781000,512781000,0.478,2.21,21.9,"April 19, 22",0.0221
