date,close,index
2025-04-17,5282.7,S&P 500
2025-04-16,5275.71,S&P 500
2025-04-15,5396.62,S&P 500
2025-04-14,5405.96,S&P 500
2025-04-11,5363.35,S&P 500
2025-04-10,5268.06,S&P 500
2025-04-09,5456.89,S&P 500
2025-04-08,4982.78,S&P 500
2025-04-07,5062.24,S&P 500
2025-04-04,5074.09,S&P 500
2025-04-03,5396.51,S&P 500
2025-04-02,5670.98,S&P 500
2025-04-01,5633.06,S&P 500
2025-03-31,5611.84,S&P 500
2025-03-28,5580.95,S&P 500
2025-03-27,5693.32,S&P 500
2025-03-26,5712.21,S&P 500
2025-03-25,5776.66,S&P 500
2025-03-24,5767.56,S&P 500
2025-03-21,5667.57,S&P 500
2025-03-20,5662.88,S&P 500
2025-03-19,5675.3,S&P 500
2025-03-18,5614.65,S&P 500
2025-03-17,5675.11,S&P 500
2025-03-14,5638.93,S&P 500
2025-03-13,5521.53,S&P 500
2025-03-12,5599.29,S&P 500
2025-03-11,5572.08,S&P 500
2025-03-10,5614.55,S&P 500
2025-03-07,5770.19,S&P 500
2025-03-06,5738.53,S&P 500
2025-03-05,5842.62,S&P 500
2025-03-04,5778.14,S&P 500
2025-03-03,5849.71,S&P 500
2025-02-28,5954.51,S&P 500
2025-02-27,5861.56,S&P 500
2025-02-26,5956.07,S&P 500
2025-02-25,5955.26,S&P 500
2025-02-24,5983.26,S&P 500
2025-02-21,6013.12,S&P 500
2025-02-20,6117.51,S&P 500
2025-02-19,6144.14,S&P 500
2025-02-18,6129.57,S&P 500
2025-02-14,6114.62,S&P 500
2025-02-13,6115.08,S&P 500
2025-02-12,6051.98,S&P 500
2025-02-11,6068.49,S&P 500
2025-02-10,6066.45,S&P 500
2025-02-07,6025.98,S&P 500
2025-02-06,6083.56,S&P 500
2025-02-05,6061.47,S&P 500
2025-02-04,6037.89,S&P 500
2025-02-03,5994.58,S&P 500
2025-01-31,6040.52,S&P 500
2025-01-30,6071.18,S&P 500
2025-01-29,6039.32,S&P 500
2025-01-28,6067.71,S&P 500
2025-01-27,6012.29,S&P 500
2025-01-24,6101.25,S&P 500
2025-01-23,6118.72,S&P 500
2025-01-22,6086.36,S&P 500
2025-01-21,6049.23,S&P 500
2025-01-17,5996.65,S&P 500
2025-01-16,5937.35,S&P 500
2025-01-15,5949.92,S&P 500
2025-01-14,5842.9,S&P 500
2025-01-13,5836.21,S&P 500
2025-01-10,5827.03,S&P 500
2025-01-08,5918.26,S&P 500
2025-01-07,5909.02,S&P 500
2025-01-06,5975.37,S&P 500
2025-01-03,5942.46,S&P 500
2025-01-02,5868.56,S&P 500
2024-12-31,5881.62,S&P 500
2024-12-30,5906.95,S&P 500
2024-12-27,5970.85,S&P 500
2024-12-26,6037.58,S&P 500
2024-12-24,6040.05,S&P 500
2024-12-23,5974.08,S&P 500
2024-12-20,5930.84,S&P 500
2024-12-19,5867.07,S&P 500
2024-12-18,5872.17,S&P 500
2024-12-17,6050.6,S&P 500
2024-12-16,6074.07,S&P 500
2024-12-13,6051.08,S&P 500
2024-12-12,6051.25,S&P 500
2024-12-11,6084.18,S&P 500
2024-12-10,6034.9,S&P 500
2024-12-09,6052.84,S&P 500
2024-12-06,6090.28,S&P 500
2024-12-05,6075.1,S&P 500
2024-12-04,6086.48,S&P 500
2024-12-03,6049.87,S&P 500
2024-12-02,6047.14,S&P 500
2024-11-29,6032.39,S&P 500
2024-11-27,5998.73,S&P 500
2024-11-26,6021.64,S&P 500
2024-11-25,5987.38,S&P 500
2024-11-22,5969.33,S&P 500
2024-11-21,5948.7,S&P 500
2024-11-20,5917.12,S&P 500
2024-11-19,5916.97,S&P 500
2024-11-18,5893.61,S&P 500
2024-11-15,5870.63,S&P 500
2024-11-14,5949.16,S&P 500
2024-11-13,5985.39,S&P 500
2024-11-12,5984.0,S&P 500
2024-11-11,6001.34,S&P 500
2024-11-08,5995.53,S&P 500
2024-11-07,5973.09,S&P 500
2024-11-06,5929.03,S&P 500
2024-11-05,5782.77,S&P 500
2024-11-04,5712.68,S&P 500
2024-11-01,5728.81,S&P 500
2024-10-31,5705.44,S&P 500
2024-10-30,5813.66,S&P 500
2024-10-29,5832.91,S&P 500
2024-10-28,5823.51,S&P 500
2024-10-25,5808.11,S&P 500
2024-10-24,5809.87,S&P 500
2024-10-23,5797.43,S&P 500
2024-10-22,5851.19,S&P 500
2024-10-21,5853.97,S&P 500
2024-10-18,5864.68,S&P 500
2024-10-17,5841.48,S&P 500
2024-10-16,5842.48,S&P 500
2024-10-15,5815.25,S&P 500
2024-10-14,5859.86,S&P 500
2024-10-11,5815.04,S&P 500
2024-10-10,5780.04,S&P 500
2024-10-09,5792.05,S&P 500
2024-10-08,5751.14,S&P 500
2024-10-07,5695.93,S&P 500
2024-10-04,5751.06,S&P 500
2024-10-03,5699.95,S&P 500
2024-10-02,5709.55,S&P 500
2024-10-01,5708.74,S&P 500
2024-09-30,5762.49,S&P 500
2024-09-27,5738.16,S&P 500
2024-09-26,5745.36,S&P 500
2024-09-25,5722.27,S&P 500
2024-09-24,5732.94,S&P 500
2024-09-23,5718.58,S&P 500
2024-09-20,5702.54,S&P 500
2024-09-19,5713.65,S&P 500
2024-09-18,5618.25,S&P 500
2024-09-17,5634.57,S&P 500
2024-09-16,5633.08,S&P 500
2024-09-13,5626.01,S&P 500
2024-09-12,5595.75,S&P 500
2024-09-11,5554.14,S&P 500
2024-09-10,5495.53,S&P 500
2024-09-09,5471.06,S&P 500
2024-09-06,5408.43,S&P 500
2024-09-05,5503.42,S&P 500
2024-09-04,5520.08,S&P 500
2024-09-03,5528.92,S&P 500
2024-08-30,5648.39,S&P 500
2024-08-29,5591.95,S&P 500
2024-08-28,5592.19,S&P 500
2024-08-27,5625.79,S&P 500
2024-08-26,5616.85,S&P 500
2024-08-23,5634.6,S&P 500
2024-08-22,5570.65,S&P 500
2024-08-21,5620.84,S&P 500
2024-08-20,5597.11,S&P 500
2024-08-19,5608.24,S&P 500
2024-08-16,5554.26,S&P 500
2024-08-15,5543.21,S&P 500
2024-08-14,5455.2,S&P 500
2024-08-13,5434.44,S&P 500
2024-08-12,5344.38,S&P 500
2024-08-09,5344.15,S&P 500
2024-08-08,5319.3,S&P 500
2024-08-07,5199.51,S&P 500
2024-08-06,5240.04,S&P 500
2024-08-05,5186.34,S&P 500
2024-08-02,5346.55,S&P 500
2024-08-01,5446.69,S&P 500
2024-07-31,5522.29,S&P 500
2024-07-30,5436.45,S&P 500
2024-07-29,5463.55,S&P 500
2024-07-26,5459.09,S&P 500
2024-07-25,5399.23,S&P 500
2024-07-24,5427.12,S&P 500
2024-07-23,5555.75,S&P 500
2024-07-22,5564.4,S&P 500
2024-07-19,5504.99,S&P 500
2024-07-18,5544.58,S&P 500
2024-07-17,5588.28,S&P 500
2024-07-16,5667.21,S&P 500
2024-07-15,5631.21,S&P 500
2024-07-12,5615.34,S&P 500
2024-07-11,5584.55,S&P 500
2024-07-10,5633.92,S&P 500
2024-07-09,5576.97,S&P 500
2024-07-08,5572.86,S&P 500
2024-07-05,5567.2,S&P 500
2024-07-03,5537.01,S&P 500
2024-07-02,5509.02,S&P 500
2024-07-01,5475.1,S&P 500
2024-06-28,5460.49,S&P 500
2024-06-27,5482.88,S&P 500
2024-06-26,5477.91,S&P 500
2024-06-25,5469.29,S&P 500
2024-06-24,5447.88,S&P 500
2024-06-21,5464.61,S&P 500
2024-06-20,5473.16,S&P 500
2024-06-18,5487.02,S&P 500
2024-06-17,5473.24,S&P 500
2024-06-14,5431.61,S&P 500
2024-06-13,5433.75,S&P 500
2024-06-12,5421.02,S&P 500
2024-06-11,5375.31,S&P 500
2024-06-10,5360.78,S&P 500
2024-06-07,5346.98,S&P 500
2024-06-06,5352.95,S&P 500
2024-06-05,5354.04,S&P 500
2024-06-04,5291.35,S&P 500
2024-06-03,5283.41,S&P 500
2024-05-31,5277.5,S&P 500
2024-05-30,5235.47,S&P 500
2024-05-29,5266.96,S&P 500
2024-05-28,5306.03,S&P 500
2024-05-24,5304.71,S&P 500
2024-05-23,5267.85,S&P 500
2024-05-22,5307.02,S&P 500
2024-05-21,5321.42,S&P 500
2024-05-20,5308.12,S&P 500
2024-05-17,5303.26,S&P 500
2024-05-16,5297.09,S&P 500
2024-05-15,5308.14,S&P 500
2024-05-14,5246.69,S&P 500
2024-05-13,5221.41,S&P 500
2024-05-10,5222.69,S&P 500
2024-05-09,5214.07,S&P 500
2024-05-08,5187.66,S&P 500
2024-05-07,5187.71,S&P 500
2024-05-06,5180.73,S&P 500
2024-05-03,5127.8,S&P 500
2024-05-02,5064.19,S&P 500
2024-05-01,5018.4,S&P 500
2024-04-30,5035.7,S&P 500
2024-04-29,5116.16,S&P 500
2024-04-26,5099.95,S&P 500
2024-04-25,5048.41,S&P 500
2024-04-24,5071.62,S&P 500
2024-04-23,5070.56,S&P 500
2024-04-22,5010.59,S&P 500
2024-04-19,4967.24,S&P 500
2024-04-18,5011.11,S&P 500
2024-04-17,5022.22,S&P 500
2024-04-16,5051.4,S&P 500
2024-04-15,5061.81,S&P 500
2024-04-12,5123.4,S&P 500
2024-04-11,5199.05,S&P 500
2024-04-10,5160.65,S&P 500
2024-04-09,5209.92,S&P 500
2024-04-08,5202.38,S&P 500
2024-04-05,5204.35,S&P 500
2024-04-04,5147.2,S&P 500
2024-04-03,5211.48,S&P 500
2024-04-02,5205.8,S&P 500
2024-04-01,5243.78,S&P 500
2024-03-28,5254.34,S&P 500
2024-03-27,5248.48,S&P 500
2024-03-26,5203.57,S&P 500
2024-03-25,5218.18,S&P 500
2024-03-22,5234.17,S&P 500
2024-03-21,5241.54,S&P 500
2024-03-20,5224.63,S&P 500
2024-03-19,5178.52,S&P 500
2024-03-18,5149.43,S&P 500
2024-03-15,5117.1,S&P 500
2024-03-14,5150.47,S&P 500
2024-03-13,5165.3,S&P 500
2024-03-12,5175.28,S&P 500
2024-03-11,5117.93,S&P 500
2024-03-08,5123.68,S&P 500
2024-03-07,5157.35,S&P 500
2024-03-06,5104.77,S&P 500
2024-03-05,5078.64,S&P 500
2024-03-04,5130.94,S&P 500
2024-03-01,5137.07,S&P 500
2024-02-29,5096.28,S&P 500
2024-02-28,5069.77,S&P 500
2024-02-27,5078.17,S&P 500
2024-02-26,5069.54,S&P 500
2024-02-23,5088.79,S&P 500
2024-02-22,5087.02,S&P 500
2024-02-21,4981.81,S&P 500
2024-02-20,4975.52,S&P 500
2024-02-16,5005.56,S&P 500
2024-02-15,5029.72,S&P 500
2024-02-14,5000.63,S&P 500
2024-02-13,4953.16,S&P 500
2024-02-12,5021.83,S&P 500
2024-02-09,5026.62,S&P 500
2024-02-08,4997.92,S&P 500
2024-02-07,4995.05,S&P 500
2024-02-06,4954.24,S&P 500
2024-02-05,4942.82,S&P 500
2024-02-02,4958.62,S&P 500
2024-02-01,4906.18,S&P 500
2024-01-31,4845.66,S&P 500
2024-01-30,4924.96,S&P 500
2024-01-29,4927.94,S&P 500
2024-01-26,4890.96,S&P 500
2024-01-25,4894.17,S&P 500
2024-01-24,4868.54,S&P 500
2024-01-23,4864.61,S&P 500
2024-01-22,4850.44,S&P 500
2024-01-19,4839.82,S&P 500
2024-01-18,4780.95,S&P 500
2024-01-17,4739.22,S&P 500
2024-01-16,4765.99,S&P 500
2024-01-12,4783.84,S&P 500
2024-01-11,4780.23,S&P 500
2024-01-10,4783.46,S&P 500
2024-01-09,4756.51,S&P 500
2024-01-08,4763.55,S&P 500
2024-01-05,4697.23,S&P 500
2024-01-04,4688.69,S&P 500
2024-01-03,4704.82,S&P 500
2024-01-02,4742.82,S&P 500
2023-12-29,4769.82,S&P 500
2023-12-28,4783.36,S&P 500
2023-12-27,4781.59,S&P 500
2023-12-26,4774.74,S&P 500
2023-12-22,4754.64,S&P 500
2023-12-21,4746.76,S&P 500
2023-12-20,4698.34,S&P 500
2023-12-19,4768.36,S&P 500
2023-12-18,4740.57,S&P 500
2023-12-15,4719.18,S&P 500
2023-12-14,4719.54,S&P 500
2023-12-13,4707.08,S&P 500
2023-12-12,4643.69,S&P 500
2023-12-11,4622.43,S&P 500
2023-12-08,4604.36,S&P 500
2023-12-07,4585.58,S&P 500
2023-12-06,4549.35,S&P 500
2023-12-05,4567.17,S&P 500
2023-12-04,4569.77,S&P 500
2023-12-01,4594.62988,S&P 500
2023-11-30,4567.7998,S&P 500
2023-11-29,4550.58008,S&P 500
2023-11-28,4554.89014,S&P 500
2023-11-27,4550.43018,S&P 500
2023-11-24,4559.33984,S&P 500
2023-11-22,4556.62012,S&P 500
2023-11-21,4538.18994,S&P 500
2023-11-20,4547.37988,S&P 500
2023-11-17,4514.02002,S&P 500
2023-11-16,4508.24023,S&P 500
2023-11-15,4502.87988,S&P 500
2023-11-14,4495.7002,S&P 500
2023-11-13,4411.5498,S&P 500
2023-11-10,4415.24023,S&P 500
2023-11-09,4347.3501,S&P 500
2023-11-08,4382.77979,S&P 500
2023-11-07,4378.37988,S&P 500
2023-11-06,4365.97998,S&P 500
2023-11-03,4358.33984,S&P 500
2023-11-02,4317.77979,S&P 500
2023-11-01,4237.85986,S&P 500
2023-10-31,4193.7998,S&P 500
2023-10-30,4166.81982,S&P 500
2023-10-27,4117.37012,S&P 500
2023-10-26,4137.22998,S&P 500
2023-10-25,4186.77002,S&P 500
2023-10-24,4247.68018,S&P 500
2023-10-23,4217.04004,S&P 500
2023-10-20,4224.16016,S&P 500
2023-10-19,4278.0,S&P 500
2023-10-18,4314.6001,S&P 500
2023-10-17,4373.2002,S&P 500
2023-10-16,4373.62988,S&P 500
2023-10-13,4327.77979,S&P 500
2023-10-12,4349.60986,S&P 500
2023-10-11,4376.9502,S&P 500
2023-10-10,4358.24023,S&P 500
2023-10-09,4335.66016,S&P 500
2023-10-06,4308.5,S&P 500
2023-10-05,4258.19,S&P 500
2023-10-04,4263.75,S&P 500
2023-10-03,4229.45,S&P 500
2023-10-02,4288.39,S&P 500
2023-09-29,4288.05,S&P 500
2023-09-28,4299.7,S&P 500
2023-09-27,4274.51,S&P 500
2023-09-26,4273.53,S&P 500
2023-09-25,4337.44,S&P 500
2023-09-22,4320.06,S&P 500
2023-09-21,4330.0,S&P 500
2023-09-20,4402.2,S&P 500
2023-09-19,4443.95,S&P 500
2023-09-18,4453.53,S&P 500
2023-09-15,4450.32,S&P 500
2023-09-14,4505.1,S&P 500
2023-09-13,4467.44,S&P 500
2023-09-12,4461.9,S&P 500
2023-09-11,4487.46,S&P 500
2023-09-08,4457.49,S&P 500
2023-09-07,4451.14,S&P 500
2023-09-06,4465.48,S&P 500
2023-09-05,4496.83,S&P 500
2023-09-01,4515.77,S&P 500
2023-08-31,4507.66,S&P 500
2023-08-30,4514.87,S&P 500
2023-08-29,4497.63,S&P 500
2023-08-28,4433.31,S&P 500
2023-08-25,4405.71,S&P 500
2023-08-24,4376.31,S&P 500
2023-08-23,4436.01,S&P 500
2023-08-22,4387.55,S&P 500
2023-08-21,4399.77,S&P 500
2023-08-18,4369.71,S&P 500
2023-08-17,4370.36,S&P 500
2023-08-16,4404.33,S&P 500
2023-08-15,4437.86,S&P 500
2023-08-14,4489.72,S&P 500
2023-08-11,4464.05,S&P 500
2023-08-10,4468.83,S&P 500
2023-08-09,4467.71,S&P 500
2023-08-08,4499.38,S&P 500
2023-08-07,4518.44,S&P 500
2023-08-04,4478.03,S&P 500
2023-08-03,4501.89,S&P 500
2023-08-02,4513.39,S&P 500
2023-08-01,4576.73,S&P 500
2023-07-31,4588.96,S&P 500
2023-07-28,4582.23,S&P 500
2023-07-27,4537.41,S&P 500
2023-07-26,4566.75,S&P 500
2023-07-25,4567.46,S&P 500
2023-07-24,4554.64,S&P 500
2023-07-21,4536.34,S&P 500
2023-07-20,4534.87,S&P 500
2023-07-19,4565.72,S&P 500
2023-07-18,4554.98,S&P 500
2023-07-17,4522.79,S&P 500
2023-07-14,4505.42,S&P 500
2023-07-13,4510.04,S&P 500
2023-07-12,4472.16,S&P 500
2023-07-11,4439.26,S&P 500
2023-07-10,4409.53,S&P 500
2023-07-07,4398.95,S&P 500
2023-07-06,4411.59,S&P 500
2023-07-05,4446.82,S&P 500
2023-07-03,4455.59,S&P 500
2023-06-30,4450.38,S&P 500
2023-06-29,4396.44,S&P 500
2023-06-28,4376.86,S&P 500
2023-06-27,4378.41,S&P 500
2023-06-26,4328.82,S&P 500
2023-06-23,4348.33,S&P 500
2023-06-22,4381.89,S&P 500
2023-06-21,4365.69,S&P 500
2023-06-20,4388.71,S&P 500
2023-06-16,4409.59,S&P 500
2023-06-15,4425.84,S&P 500
2023-06-14,4372.59,S&P 500
2023-06-13,4369.01,S&P 500
2023-06-12,4338.93,S&P 500
2023-06-09,4298.86,S&P 500
2023-06-08,4293.93,S&P 500
2023-06-07,4267.52,S&P 500
2023-06-06,4283.85,S&P 500
2023-06-05,4273.79,S&P 500
2023-06-02,4282.37,S&P 500
2023-06-01,4221.02,S&P 500
2023-05-31,4179.83,S&P 500
2023-05-30,4205.52,S&P 500
2023-05-26,4205.45,S&P 500
2023-05-25,4151.28,S&P 500
2023-05-24,4115.24,S&P 500
2023-05-23,4145.58,S&P 500
2023-05-22,4192.63,S&P 500
2023-05-19,4191.98,S&P 500
2023-05-18,4198.05,S&P 500
2023-05-17,4158.77,S&P 500
2023-05-16,4109.9,S&P 500
2023-05-15,4136.28,S&P 500
2023-05-12,4124.08,S&P 500
2023-05-11,4130.62,S&P 500
2023-05-10,4137.64,S&P 500
2023-05-09,4119.17,S&P 500
2023-05-08,4138.12,S&P 500
2023-05-05,4136.25,S&P 500
2023-05-04,4061.22,S&P 500
2023-05-03,4090.75,S&P 500
2023-05-02,4119.58,S&P 500
2023-05-01,4167.87,S&P 500
2023-04-28,4169.48,S&P 500
2023-04-27,4135.35,S&P 500
2023-04-26,4055.99,S&P 500
2023-04-25,4071.63,S&P 500
2023-04-24,4137.04,S&P 500
2023-04-21,4133.52,S&P 500
2023-04-20,4129.79,S&P 500
2023-04-19,4154.52,S&P 500
2023-04-18,4154.87,S&P 500
2023-04-17,4151.32,S&P 500
2023-04-14,4137.64,S&P 500
2023-04-13,4146.22,S&P 500
2023-04-12,4091.95,S&P 500
2023-04-11,4108.94,S&P 500
2023-04-10,4109.11,S&P 500
2023-04-06,4105.02,S&P 500
2023-04-05,4090.38,S&P 500
2023-04-04,4100.6,S&P 500
2023-04-03,4124.51,S&P 500
2023-03-31,4109.31,S&P 500
2023-03-30,4050.83,S&P 500
2023-03-29,4027.81,S&P 500
2023-03-28,3971.27,S&P 500
2023-03-27,3977.53,S&P 500
2023-03-24,3970.99,S&P 500
2023-03-23,3948.72,S&P 500
2023-03-22,3936.97,S&P 500
2023-03-21,4002.87,S&P 500
2023-03-20,3951.57,S&P 500
2023-03-17,3916.64,S&P 500
2023-03-16,3960.28,S&P 500
2023-03-15,3891.93,S&P 500
2023-03-14,3919.29,S&P 500
2023-03-13,3855.76,S&P 500
2023-03-10,3861.59,S&P 500
2023-03-09,3918.32,S&P 500
2023-03-08,3992.01,S&P 500
2023-03-07,3986.37,S&P 500
2023-03-06,4048.42,S&P 500
2023-03-03,4045.64,S&P 500
2023-03-02,3981.35,S&P 500
2023-03-01,3951.39,S&P 500
2023-02-28,3970.15,S&P 500
2023-02-27,3982.24,S&P 500
2023-02-24,3970.04,S&P 500
2023-02-23,4012.32,S&P 500
2023-02-22,3991.05,S&P 500
2023-02-21,3997.34,S&P 500
2023-02-17,4079.09,S&P 500
2023-02-16,4090.41,S&P 500
2023-02-15,4147.6,S&P 500
2023-02-14,4136.13,S&P 500
2023-02-13,4137.29,S&P 500
2023-02-10,4090.46,S&P 500
2023-02-09,4081.5,S&P 500
2023-02-08,4117.86,S&P 500
2023-02-07,4164.0,S&P 500
2023-02-06,4111.08,S&P 500
2023-02-03,4136.48,S&P 500
2023-02-02,4179.76,S&P 500
2023-02-01,4119.21,S&P 500
2023-01-31,4076.6,S&P 500
2023-01-30,4017.77,S&P 500
2023-01-27,4070.56,S&P 500
2023-01-26,4060.43,S&P 500
2023-01-25,4016.22,S&P 500
2023-01-24,4016.95,S&P 500
2023-01-23,4019.81,S&P 500
2023-01-20,3972.61,S&P 500
2023-01-19,3898.85,S&P 500
2023-01-18,3928.86,S&P 500
2023-01-17,3990.97,S&P 500
2023-01-13,3999.09,S&P 500
2023-01-12,3983.17,S&P 500
2023-01-11,3969.61,S&P 500
2023-01-10,3919.25,S&P 500
2023-01-09,3892.09,S&P 500
2023-01-06,3895.08,S&P 500
2023-01-05,3808.1,S&P 500
2023-01-04,3852.97,S&P 500
2023-01-03,3824.14,S&P 500
2022-12-30,3839.5,S&P 500
2022-12-29,3849.28,S&P 500
2022-12-28,3783.22,S&P 500
2022-12-27,3829.25,S&P 500
2022-12-23,3844.82,S&P 500
2022-12-22,3822.39,S&P 500
2022-12-21,3878.44,S&P 500
2022-12-20,3821.62,S&P 500
2022-12-19,3817.66,S&P 500
2022-12-16,3852.36,S&P 500
2022-12-15,3895.75,S&P 500
2022-12-14,3995.32,S&P 500
2022-12-13,4019.65,S&P 500
2022-12-12,3990.56,S&P 500
2022-12-09,3934.38,S&P 500
2022-12-08,3963.51,S&P 500
2022-12-07,3933.92,S&P 500
2022-12-06,3941.26,S&P 500
2022-12-05,3998.84,S&P 500
2022-12-02,4071.7,S&P 500
2022-12-01,4076.57,S&P 500
2022-11-30,4080.11,S&P 500
2022-11-29,3957.63,S&P 500
2022-11-28,3963.94,S&P 500
2022-11-25,4026.12,S&P 500
2022-11-23,4027.26,S&P 500
2022-11-22,4003.58,S&P 500
2022-11-21,3949.94,S&P 500
2022-11-18,3965.34,S&P 500
2022-11-17,3946.56,S&P 500
2022-11-16,3958.79,S&P 500
2022-11-15,3991.73,S&P 500
2022-11-14,3957.25,S&P 500
2022-11-11,3992.93,S&P 500
2022-11-10,3956.37,S&P 500
2022-11-09,3748.57,S&P 500
2022-11-08,3828.11,S&P 500
2022-11-07,3806.8,S&P 500
2022-11-04,3770.55,S&P 500
2022-11-03,3719.89,S&P 500
2022-11-02,3759.69,S&P 500
2022-11-01,3856.1,S&P 500
2022-10-31,3871.98,S&P 500
2022-10-28,3901.06,S&P 500
2022-10-27,3807.3,S&P 500
2022-10-26,3830.6,S&P 500
2022-10-25,3859.11,S&P 500
2022-10-24,3797.34,S&P 500
2022-10-21,3752.75,S&P 500
2022-10-20,3665.78,S&P 500
2022-10-19,3695.16,S&P 500
2022-10-18,3719.98,S&P 500
2022-10-17,3677.95,S&P 500
2022-10-14,3583.07,S&P 500
2022-10-13,3669.91,S&P 500
2022-10-12,3577.03,S&P 500
2022-10-11,3588.84,S&P 500
2022-10-10,3612.39,S&P 500
2022-10-07,3639.66,S&P 500
2022-10-06,3744.52,S&P 500
2022-10-05,3783.28,S&P 500
2022-10-04,3790.93,S&P 500
2022-10-03,3678.43,S&P 500
2022-09-30,3585.62,S&P 500
2022-09-29,3640.47,S&P 500
2022-09-28,3719.04,S&P 500
2022-09-27,3647.29,S&P 500
2022-09-26,3655.04,S&P 500
2022-09-23,3693.23,S&P 500
2022-09-22,3757.99,S&P 500
2022-09-21,3789.93,S&P 500
2022-09-20,3855.93,S&P 500
2022-09-19,3899.89,S&P 500
2022-09-16,3873.33,S&P 500
2022-09-15,3901.35,S&P 500
2022-09-14,3946.01,S&P 500
2022-09-13,3932.69,S&P 500
2022-09-12,4110.41,S&P 500
2022-09-09,4067.36,S&P 500
2022-09-08,4006.18,S&P 500
2022-09-07,3979.87,S&P 500
2022-09-06,3908.19,S&P 500
2022-09-02,3924.26,S&P 500
2022-09-01,3966.85,S&P 500
2022-08-31,3955.0,S&P 500
2022-08-30,3986.16,S&P 500
2022-08-29,4030.61,S&P 500
2022-08-26,4057.66,S&P 500
2022-08-25,4199.12,S&P 500
2022-08-24,4140.77,S&P 500
2022-08-23,4128.73,S&P 500
2022-08-22,4137.99,S&P 500
2022-08-19,4228.48,S&P 500
2022-08-18,4283.74,S&P 500
2022-08-17,4274.04,S&P 500
2022-08-16,4305.2,S&P 500
2022-08-15,4297.14,S&P 500
2022-08-12,4280.15,S&P 500
2022-08-11,4207.27,S&P 500
2022-08-10,4210.24,S&P 500
2022-08-09,4122.47,S&P 500
2022-08-08,4140.06,S&P 500
2022-08-05,4145.19,S&P 500
2022-08-04,4151.94,S&P 500
2022-08-03,4155.17,S&P 500
2022-08-02,4091.19,S&P 500
2022-08-01,4118.63,S&P 500
2022-07-29,4130.29,S&P 500
2022-07-28,4072.43,S&P 500
2022-07-27,4023.61,S&P 500
2022-07-26,3921.05,S&P 500
2022-07-25,3966.84,S&P 500
2022-07-22,3961.63,S&P 500
2022-07-21,3998.95,S&P 500
2022-07-20,3959.9,S&P 500
2022-07-19,3936.69,S&P 500
2022-07-18,3830.85,S&P 500
2022-07-15,3863.16,S&P 500
2022-07-14,3790.38,S&P 500
2022-07-13,3801.78,S&P 500
2022-07-12,3818.8,S&P 500
2022-07-11,3854.43,S&P 500
2022-07-08,3899.38,S&P 500
2022-07-07,3902.62,S&P 500
2022-07-06,3845.08,S&P 500
2022-07-05,3831.39,S&P 500
2022-07-01,3825.33,S&P 500
2022-06-30,3785.38,S&P 500
2022-06-29,3818.83,S&P 500
2022-06-28,3821.55,S&P 500
2022-06-27,3900.11,S&P 500
2022-06-24,3911.74,S&P 500
2022-06-23,3795.73,S&P 500
2022-06-22,3759.89,S&P 500
2022-06-21,3764.79,S&P 500
2022-06-17,3674.84,S&P 500
2022-06-16,3666.77,S&P 500
2022-06-15,3789.99,S&P 500
2022-06-14,3735.48,S&P 500
2022-06-13,3749.63,S&P 500
2022-06-10,3900.86,S&P 500
2022-06-09,4017.82,S&P 500
2022-06-08,4115.77,S&P 500
2022-06-07,4160.68,S&P 500
2022-06-06,4121.43,S&P 500
2022-06-03,4108.54,S&P 500
2022-06-02,4176.82,S&P 500
2022-06-01,4101.23,S&P 500
2022-05-31,4132.15,S&P 500
2022-05-27,4158.24,S&P 500
2022-05-26,4057.84,S&P 500
2022-05-25,3978.73,S&P 500
2022-05-24,3941.48,S&P 500
2022-05-23,3973.75,S&P 500
2022-05-20,3901.36,S&P 500
2022-05-19,3900.79,S&P 500
2022-05-18,3923.68,S&P 500
2022-05-17,4088.85,S&P 500
2022-05-16,4008.01,S&P 500
2022-05-13,4023.89,S&P 500
2022-05-12,3930.08,S&P 500
2022-05-11,3935.18,S&P 500
2022-05-10,4001.05,S&P 500
2022-05-09,3991.24,S&P 500
2022-05-06,4123.34,S&P 500
2022-05-05,4146.87,S&P 500
2022-05-04,4300.17,S&P 500
2022-05-03,4175.48,S&P 500
2022-05-02,4155.38,S&P 500
2022-04-29,4131.93,S&P 500
2022-04-28,4287.5,S&P 500
2022-04-27,4183.96,S&P 500
2022-04-26,4175.2,S&P 500
2022-04-25,4296.12,S&P 500
2022-04-22,4271.78,S&P 500
2022-04-21,4393.66,S&P 500
2022-04-20,4459.45,S&P 500
2022-04-19,4462.21,S&P 500
2025-04-17,39142.23,Dow Jones
2025-04-16,39669.4,Dow Jones
2025-04-15,40368.97,Dow Jones
2025-04-14,40524.8,Dow Jones
2025-04-11,40212.72,Dow Jones
2025-04-10,39593.67,Dow Jones
2025-04-09,40608.46,Dow Jones
2025-04-08,37645.6,Dow Jones
2025-04-07,37965.61,Dow Jones
2025-04-04,38314.87,Dow Jones
2025-04-03,40545.94,Dow Jones
2025-04-02,42225.33,Dow Jones
2025-04-01,41989.97,Dow Jones
2025-03-31,42001.77,Dow Jones
2025-03-28,41583.91,Dow Jones
2025-03-27,42299.71,Dow Jones
2025-03-26,42454.8,Dow Jones
2025-03-25,42587.51,Dow Jones
2025-03-24,42583.33,Dow Jones
2025-03-21,41985.36,Dow Jones
2025-03-20,41953.33,Dow Jones
2025-03-19,41964.64,Dow Jones
2025-03-18,41581.32,Dow Jones
2025-03-17,41841.64,Dow Jones
2025-03-14,41488.2,Dow Jones
2025-03-13,40813.58,Dow Jones
2025-03-12,41350.94,Dow Jones
2025-03-11,41433.49,Dow Jones
2025-03-10,41911.72,Dow Jones
2025-03-07,42801.73,Dow Jones
2025-03-06,42579.09,Dow Jones
2025-03-05,43006.6,Dow Jones
2025-03-04,42521.0,Dow Jones
2025-03-03,43191.25,Dow Jones
2025-02-28,43840.92,Dow Jones
2025-02-27,43239.51,Dow Jones
2025-02-26,43433.13,Dow Jones
2025-02-25,43621.17,Dow Jones
2025-02-24,43461.22,Dow Jones
2025-02-21,43428.03,Dow Jones
2025-02-20,44176.66,Dow Jones
2025-02-19,44627.6,Dow Jones
2025-02-18,44556.35,Dow Jones
2025-02-14,44546.09,Dow Jones
2025-02-13,44711.44,Dow Jones
2025-02-12,44368.57,Dow Jones
2025-02-11,44593.66,Dow Jones
2025-02-10,44470.42,Dow Jones
2025-02-07,44303.41,Dow Jones
2025-02-06,44747.64,Dow Jones
2025-02-05,44873.29,Dow Jones
2025-02-04,44556.05,Dow Jones
2025-02-03,44421.92,Dow Jones
2025-01-31,44544.67,Dow Jones
2025-01-30,44882.14,Dow Jones
2025-01-29,44713.53,Dow Jones
2025-01-28,44850.36,Dow Jones
2025-01-27,44713.59,Dow Jones
2025-01-24,44424.26,Dow Jones
2025-01-23,44565.08,Dow Jones
2025-01-22,44156.74,Dow Jones
2025-01-21,44025.82,Dow Jones
2025-01-17,43487.84,Dow Jones
2025-01-16,43153.14,Dow Jones
2025-01-15,43221.56,Dow Jones
2025-01-14,42518.29,Dow Jones
2025-01-13,42297.13,Dow Jones
2025-01-10,41938.46,Dow Jones
2025-01-08,42635.21,Dow Jones
2025-01-07,42528.37,Dow Jones
2025-01-06,42706.57,Dow Jones
2025-01-03,42732.14,Dow Jones
2025-01-02,42392.28,Dow Jones
2024-12-31,42544.23,Dow Jones
2024-12-30,42573.74,Dow Jones
2024-12-27,42992.22,Dow Jones
2024-12-26,43325.81,Dow Jones
2024-12-24,43297.04,Dow Jones
2024-12-23,42906.96,Dow Jones
2024-12-20,42840.27,Dow Jones
2024-12-19,42342.25,Dow Jones
2024-12-18,42326.88,Dow Jones
2024-12-17,43449.91,Dow Jones
2024-12-16,43717.49,Dow Jones
2024-12-13,43828.07,Dow Jones
2024-12-12,43914.13,Dow Jones
2024-12-11,44148.57,Dow Jones
2024-12-10,44247.84,Dow Jones
2024-12-09,44401.94,Dow Jones
2024-12-06,44642.53,Dow Jones
2024-12-05,44765.72,Dow Jones
2024-12-04,45014.05,Dow Jones
2024-12-03,44705.54,Dow Jones
2024-12-02,44782.01,Dow Jones
2024-11-29,44910.66,Dow Jones
2024-11-27,44722.07,Dow Jones
2024-11-26,44860.32,Dow Jones
2024-11-25,44736.58,Dow Jones
2024-11-22,44296.52,Dow Jones
2024-11-21,43870.36,Dow Jones
2024-11-20,43408.48,Dow Jones
2024-11-19,43268.95,Dow Jones
2024-11-18,43389.61,Dow Jones
2024-11-15,43445.0,Dow Jones
2024-11-14,43750.87,Dow Jones
2024-11-13,43958.2,Dow Jones
2024-11-12,43910.99,Dow Jones
2024-11-11,44293.14,Dow Jones
2024-11-08,43989.0,Dow Jones
2024-11-07,43729.35,Dow Jones
2024-11-06,43729.94,Dow Jones
2024-11-05,42221.89,Dow Jones
2024-11-04,41794.61,Dow Jones
2024-11-01,42052.2,Dow Jones
2024-10-31,41763.47,Dow Jones
2024-10-30,42141.55,Dow Jones
2024-10-29,42233.06,Dow Jones
2024-10-28,42387.58,Dow Jones
2024-10-25,42114.41,Dow Jones
2024-10-24,42374.37,Dow Jones
2024-10-23,42514.96,Dow Jones
2024-10-22,42924.9,Dow Jones
2024-10-21,42931.61,Dow Jones
2024-10-18,43275.92,Dow Jones
2024-10-17,43239.06,Dow Jones
2024-10-16,43077.71,Dow Jones
2024-10-15,42740.43,Dow Jones
2024-10-14,43065.23,Dow Jones
2024-10-11,42863.87,Dow Jones
2024-10-10,42454.13,Dow Jones
2024-10-09,42512.01,Dow Jones
2024-10-08,42080.38,Dow Jones
2024-10-07,41954.25,Dow Jones
2024-10-04,42352.76,Dow Jones
2024-10-03,42011.6,Dow Jones
2024-10-02,42196.53,Dow Jones
2024-10-01,42156.98,Dow Jones
2024-09-30,42330.16,Dow Jones
2024-09-27,42313.01,Dow Jones
2024-09-26,42175.12,Dow Jones
2024-09-25,41914.76,Dow Jones
2024-09-24,42208.23,Dow Jones
2024-09-23,42124.66,Dow Jones
2024-09-20,42063.37,Dow Jones
2024-09-19,42025.2,Dow Jones
2024-09-18,41503.11,Dow Jones
2024-09-17,41606.19,Dow Jones
2024-09-16,41622.09,Dow Jones
2024-09-13,41393.79,Dow Jones
2024-09-12,41096.78,Dow Jones
2024-09-11,40861.72,Dow Jones
2024-09-10,40736.97,Dow Jones
2024-09-09,40829.6,Dow Jones
2024-09-06,40345.42,Dow Jones
2024-09-05,40755.76,Dow Jones
2024-09-04,40974.98,Dow Jones
2024-09-03,40936.94,Dow Jones
2024-08-30,41563.09,Dow Jones
2024-08-29,41335.06,Dow Jones
2024-08-28,41091.43,Dow Jones
2024-08-27,41250.51,Dow Jones
2024-08-26,41240.53,Dow Jones
2024-08-23,41175.09,Dow Jones
2024-08-22,40712.79,Dow Jones
2024-08-21,40890.5,Dow Jones
2024-08-20,40834.98,Dow Jones
2024-08-19,40896.54,Dow Jones
2024-08-16,40659.77,Dow Jones
2024-08-15,40563.07,Dow Jones
2024-08-14,40008.4,Dow Jones
2024-08-13,39765.65,Dow Jones
2024-08-12,39357.02,Dow Jones
2024-08-09,39497.55,Dow Jones
2024-08-08,39446.5,Dow Jones
2024-08-07,38763.46,Dow Jones
2024-08-06,38997.67,Dow Jones
2024-08-05,38703.28,Dow Jones
2024-08-02,39737.27,Dow Jones
2024-08-01,40347.98,Dow Jones
2024-07-31,40842.8,Dow Jones
2024-07-30,40743.34,Dow Jones
2024-07-29,40539.94,Dow Jones
2024-07-26,40589.35,Dow Jones
2024-07-25,39935.08,Dow Jones
2024-07-24,39853.88,Dow Jones
2024-07-23,40358.1,Dow Jones
2024-07-22,40415.45,Dow Jones
2024-07-19,40287.54,Dow Jones
2024-07-18,40665.03,Dow Jones
2024-07-17,41198.09,Dow Jones
2024-07-16,40954.49,Dow Jones
2024-07-15,40211.73,Dow Jones
2024-07-12,40000.91,Dow Jones
2024-07-11,39753.76,Dow Jones
2024-07-10,39721.37,Dow Jones
2024-07-09,39291.98,Dow Jones
2024-07-08,39344.8,Dow Jones
2024-07-05,39375.88,Dow Jones
2024-07-03,39308.01,Dow Jones
2024-07-02,39331.86,Dow Jones
2024-07-01,39169.53,Dow Jones
2024-06-28,39118.87,Dow Jones
2024-06-27,39164.07,Dow Jones
2024-06-26,39127.81,Dow Jones
2024-06-25,39112.17,Dow Jones
2024-06-24,39411.22,Dow Jones
2024-06-21,39150.34,Dow Jones
2024-06-20,39134.77,Dow Jones
2024-06-18,38834.87,Dow Jones
2024-06-17,38778.11,Dow Jones
2024-06-14,38589.17,Dow Jones
2024-06-13,38647.09,Dow Jones
2024-06-12,38712.22,Dow Jones
2024-06-11,38747.43,Dow Jones
2024-06-10,38868.05,Dow Jones
2024-06-07,38799.0,Dow Jones
2024-06-06,38886.18,Dow Jones
2024-06-05,38807.34,Dow Jones
2024-06-04,38711.3,Dow Jones
2024-06-03,38571.04,Dow Jones
2024-05-31,38686.33,Dow Jones
2024-05-30,38111.49,Dow Jones
2024-05-29,38441.55,Dow Jones
2024-05-28,38852.87,Dow Jones
2024-05-24,39069.6,Dow Jones
2024-05-23,39065.27,Dow Jones
2024-05-22,39671.05,Dow Jones
2024-05-21,39873.0,Dow Jones
2024-05-20,39806.78,Dow Jones
2024-05-17,40003.6,Dow Jones
2024-05-16,39869.39,Dow Jones
2024-05-15,39908.01,Dow Jones
2024-05-14,39558.12,Dow Jones
2024-05-13,39431.52,Dow Jones
2024-05-10,39512.85,Dow Jones
2024-05-09,39387.77,Dow Jones
2024-05-08,39056.4,Dow Jones
2024-05-07,38884.27,Dow Jones
2024-05-06,38852.28,Dow Jones
2024-05-03,38675.69,Dow Jones
2024-05-02,38225.67,Dow Jones
2024-05-01,37903.3,Dow Jones
2024-04-30,37815.93,Dow Jones
2024-04-29,38386.1,Dow Jones
2024-04-26,38239.67,Dow Jones
2024-04-25,38085.81,Dow Jones
2024-04-24,38460.93,Dow Jones
2024-04-23,38503.7,Dow Jones
2024-04-22,38239.99,Dow Jones
2024-04-19,37986.41,Dow Jones
2024-04-18,37775.39,Dow Jones
2024-04-17,37753.32,Dow Jones
2024-04-16,37798.98,Dow Jones
2024-04-15,37735.12,Dow Jones
2024-04-12,37983.25,Dow Jones
2024-04-11,38459.09,Dow Jones
2024-04-10,38461.52,Dow Jones
2024-04-09,38883.68,Dow Jones
2024-04-08,38892.81,Dow Jones
2024-04-05,38904.05,Dow Jones
2024-04-04,38596.99,Dow Jones
2024-04-03,39127.15,Dow Jones
2024-04-02,39170.25,Dow Jones
2024-04-01,39566.86,Dow Jones
2024-03-28,39807.38,Dow Jones
2024-03-27,39760.09,Dow Jones
2024-03-26,39282.34,Dow Jones
2024-03-25,39313.65,Dow Jones
2024-03-22,39475.91,Dow Jones
2024-03-21,39781.38,Dow Jones
2024-03-20,39512.14,Dow Jones
2024-03-19,39110.77,Dow Jones
2024-03-18,38790.44,Dow Jones
2024-03-15,38714.78,Dow Jones
2024-03-14,38905.67,Dow Jones
2024-03-13,39043.33,Dow Jones
2024-03-12,39005.5,Dow Jones
2024-03-11,38769.67,Dow Jones
2024-03-08,38722.7,Dow Jones
2024-03-07,38791.36,Dow Jones
2024-03-06,38661.06,Dow Jones
2024-03-05,38585.2,Dow Jones
2024-03-04,38989.84,Dow Jones
2024-03-01,39087.39,Dow Jones
2024-02-29,38996.4,Dow Jones
2024-02-28,38949.03,Dow Jones
2024-02-27,38972.42,Dow Jones
2024-02-26,39069.24,Dow Jones
2024-02-23,39131.54,Dow Jones
2024-02-22,39069.12,Dow Jones
2024-02-21,38612.25,Dow Jones
2024-02-20,38563.81,Dow Jones
2024-02-16,38628.0,Dow Jones
2024-02-15,38773.13,Dow Jones
2024-02-14,38424.28,Dow Jones
2024-02-13,38272.76,Dow Jones
2024-02-12,38797.39,Dow Jones
2024-02-09,38671.7,Dow Jones
2024-02-08,38726.34,Dow Jones
2024-02-07,38677.37,Dow Jones
2024-02-06,38521.37,Dow Jones
2024-02-05,38380.13,Dow Jones
2024-02-02,38654.43,Dow Jones
2024-02-01,38519.85,Dow Jones
2024-01-31,38150.31,Dow Jones
2024-01-30,38467.32,Dow Jones
2024-01-29,38333.46,Dow Jones
2024-01-26,38109.44,Dow Jones
2024-01-25,38049.14,Dow Jones
2024-01-24,37806.4,Dow Jones
2024-01-23,37905.46,Dow Jones
2024-01-22,38001.82,Dow Jones
2024-01-19,37863.81,Dow Jones
2024-01-18,37468.62,Dow Jones
2024-01-17,37266.68,Dow Jones
2024-01-16,37361.13,Dow Jones
2024-01-12,37592.99,Dow Jones
2024-01-11,37711.03,Dow Jones
2024-01-10,37695.74,Dow Jones
2024-01-09,37525.17,Dow Jones
2024-01-08,37683.02,Dow Jones
2024-01-05,37466.12,Dow Jones
2024-01-04,37440.35,Dow Jones
2024-01-03,37430.2,Dow Jones
2024-01-02,37715.05,Dow Jones
2023-12-29,37689.55,Dow Jones
2023-12-28,37710.11,Dow Jones
2023-12-27,37656.53,Dow Jones
2023-12-26,37545.34,Dow Jones
2023-12-22,37385.98,Dow Jones
2023-12-21,37404.36,Dow Jones
2023-12-20,37082.01,Dow Jones
2023-12-19,37557.93,Dow Jones
2023-12-18,37306.03,Dow Jones
2023-12-15,37305.17,Dow Jones
2023-12-14,37248.36,Dow Jones
2023-12-13,37090.25,Dow Jones
2023-12-12,36577.95,Dow Jones
2023-12-11,36404.94,Dow Jones
2023-12-08,36247.88,Dow Jones
2023-12-07,36117.39,Dow Jones
2023-12-06,36054.44,Dow Jones
2023-12-05,36124.57,Dow Jones
2023-12-04,36204.45,Dow Jones
2023-12-01,36245.5,Dow Jones
2023-11-30,35950.89062,Dow Jones
2023-11-29,35430.42188,Dow Jones
2023-11-28,35416.98047,Dow Jones
2023-11-27,35333.46875,Dow Jones
2023-11-24,35390.14844,Dow Jones
2023-11-22,35273.03125,Dow Jones
2023-11-21,35088.28906,Dow Jones
2023-11-20,35151.03906,Dow Jones
2023-11-17,34947.28125,Dow Jones
2023-11-16,34945.46875,Dow Jones
2023-11-15,34991.21094,Dow Jones
2023-11-14,34827.69922,Dow Jones
2023-11-13,34337.87109,Dow Jones
2023-11-10,34283.10156,Dow Jones
2023-11-09,33891.94141,Dow Jones
2023-11-08,34112.26953,Dow Jones
2023-11-07,34152.60156,Dow Jones
2023-11-06,34095.85938,Dow Jones
2023-11-03,34061.32031,Dow Jones
2023-11-02,33839.07812,Dow Jones
2023-11-01,33274.57812,Dow Jones
2023-10-31,33052.87109,Dow Jones
2023-10-30,32928.96094,Dow Jones
2023-10-27,32417.58984,Dow Jones
2023-10-26,32784.30078,Dow Jones
2023-10-25,33035.92969,Dow Jones
2023-10-24,33141.37891,Dow Jones
2023-10-23,32936.41016,Dow Jones
2023-10-20,33127.28125,Dow Jones
2023-10-19,33414.17188,Dow Jones
2023-10-18,33665.07812,Dow Jones
2023-10-17,33997.64844,Dow Jones
2023-10-16,33984.53906,Dow Jones
2023-10-13,33670.28906,Dow Jones
2023-10-12,33631.14062,Dow Jones
2023-10-11,33804.87109,Dow Jones
2023-10-10,33739.30078,Dow Jones
2023-10-09,33604.64844,Dow Jones
2023-10-06,33407.58,Dow Jones
2023-10-05,33119.57,Dow Jones
2023-10-04,33129.55,Dow Jones
2023-10-03,33002.38,Dow Jones
2023-10-02,33433.35,Dow Jones
2023-09-29,33507.5,Dow Jones
2023-09-28,33666.34,Dow Jones
2023-09-27,33550.27,Dow Jones
2023-09-26,33618.88,Dow Jones
2023-09-25,34006.88,Dow Jones
2023-09-22,33963.84,Dow Jones
2023-09-21,34070.42,Dow Jones
2023-09-20,34440.88,Dow Jones
2023-09-19,34517.73,Dow Jones
2023-09-18,34624.3,Dow Jones
2023-09-15,34618.24,Dow Jones
2023-09-14,34907.11,Dow Jones
2023-09-13,34575.53,Dow Jones
2023-09-12,34645.99,Dow Jones
2023-09-11,34663.72,Dow Jones
2023-09-08,34576.59,Dow Jones
2023-09-07,34500.73,Dow Jones
2023-09-06,34443.19,Dow Jones
2023-09-05,34641.97,Dow Jones
2023-09-01,34837.71,Dow Jones
2023-08-31,34721.91,Dow Jones
2023-08-30,34890.24,Dow Jones
2023-08-29,34852.67,Dow Jones
2023-08-28,34559.98,Dow Jones
2023-08-25,34346.9,Dow Jones
2023-08-24,34099.42,Dow Jones
2023-08-23,34472.98,Dow Jones
2023-08-22,34288.83,Dow Jones
2023-08-21,34463.69,Dow Jones
2023-08-18,34500.66,Dow Jones
2023-08-17,34474.83,Dow Jones
2023-08-16,34765.74,Dow Jones
2023-08-15,34946.39,Dow Jones
2023-08-14,35307.63,Dow Jones
2023-08-11,35281.4,Dow Jones
2023-08-10,35176.15,Dow Jones
2023-08-09,35123.36,Dow Jones
2023-08-08,35314.49,Dow Jones
2023-08-07,35473.13,Dow Jones
2023-08-04,35065.62,Dow Jones
2023-08-03,35215.89,Dow Jones
2023-08-02,35282.52,Dow Jones
2023-08-01,35630.68,Dow Jones
2023-07-31,35559.53,Dow Jones
2023-07-28,35459.29,Dow Jones
2023-07-27,35282.72,Dow Jones
2023-07-26,35520.12,Dow Jones
2023-07-25,35438.07,Dow Jones
2023-07-24,35411.24,Dow Jones
2023-07-21,35227.69,Dow Jones
2023-07-20,35225.18,Dow Jones
2023-07-19,35061.21,Dow Jones
2023-07-18,34951.93,Dow Jones
2023-07-17,34585.35,Dow Jones
2023-07-14,34509.03,Dow Jones
2023-07-13,34395.14,Dow Jones
2023-07-12,34347.43,Dow Jones
2023-07-11,34261.42,Dow Jones
2023-07-10,33944.4,Dow Jones
2023-07-07,33734.88,Dow Jones
2023-07-06,33922.26,Dow Jones
2023-07-05,34288.64,Dow Jones
2023-07-03,34418.47,Dow Jones
2023-06-30,34407.6,Dow Jones
2023-06-29,34122.42,Dow Jones
2023-06-28,33852.66,Dow Jones
2023-06-27,33926.74,Dow Jones
2023-06-26,33714.71,Dow Jones
2023-06-23,33727.43,Dow Jones
2023-06-22,33946.71,Dow Jones
2023-06-21,33951.52,Dow Jones
2023-06-20,34053.87,Dow Jones
2023-06-16,34299.12,Dow Jones
2023-06-15,34408.06,Dow Jones
2023-06-14,33979.33,Dow Jones
2023-06-13,34212.12,Dow Jones
2023-06-12,34066.33,Dow Jones
2023-06-09,33876.78,Dow Jones
2023-06-08,33833.61,Dow Jones
2023-06-07,33665.02,Dow Jones
2023-06-06,33573.28,Dow Jones
2023-06-05,33562.86,Dow Jones
2023-06-02,33762.76,Dow Jones
2023-06-01,33061.57,Dow Jones
2023-05-31,32908.27,Dow Jones
2023-05-30,33042.78,Dow Jones
2023-05-26,33093.339844,Dow Jones
2023-05-25,32764.65,Dow Jones
2023-05-24,32799.92,Dow Jones
2023-05-23,33055.511719,Dow Jones
2023-05-22,33286.578125,Dow Jones
2023-05-19,33426.63,Dow Jones
2023-05-18,33535.91,Dow Jones
2023-05-17,33420.77,Dow Jones
2023-05-16,33012.14,Dow Jones
2023-05-15,33348.601563,Dow Jones
2023-05-12,33300.62,Dow Jones
2023-05-11,33309.51,Dow Jones
2023-05-10,33531.33,Dow Jones
2023-05-09,33561.81,Dow Jones
2023-05-08,33618.69,Dow Jones
2023-05-05,33674.38,Dow Jones
2023-05-04,33127.74,Dow Jones
2023-05-03,33414.24,Dow Jones
2023-05-02,33684.53125,Dow Jones
2023-05-01,34051.699219,Dow Jones
2023-04-28,34098.16,Dow Jones
2023-04-27,33826.16,Dow Jones
2023-04-26,33301.87,Dow Jones
2023-04-25,33530.83,Dow Jones
2023-04-24,33875.4,Dow Jones
2023-04-21,33808.960938,Dow Jones
2023-04-20,33786.621094,Dow Jones
2023-04-19,33897.01,Dow Jones
2023-04-18,33976.63,Dow Jones
2023-04-17,33987.18,Dow Jones
2023-04-14,33886.46875,Dow Jones
2023-04-13,34029.691406,Dow Jones
2023-04-12,33646.5,Dow Jones
2023-04-11,33684.789063,Dow Jones
2023-04-10,33586.519531,Dow Jones
2023-04-06,33485.289063,Dow Jones
2023-04-05,33482.71875,Dow Jones
2023-04-04,33402.378906,Dow Jones
2023-04-03,33601.148438,Dow Jones
2023-03-31,33274.148438,Dow Jones
2023-03-30,32859.03125,Dow Jones
2023-03-29,32717.599609,Dow Jones
2023-03-28,32394.25,Dow Jones
2023-03-27,32432.080078,Dow Jones
2023-03-24,32237.529297,Dow Jones
2023-03-23,32105.25,Dow Jones
2023-03-22,32030.109375,Dow Jones
2023-03-21,32560.599609,Dow Jones
2023-03-20,32244.580078,Dow Jones
2023-03-17,31861.980469,Dow Jones
2023-03-16,32246.550781,Dow Jones
2023-03-15,31874.570313,Dow Jones
2023-03-14,32155.400391,Dow Jones
2023-03-13,31819.140625,Dow Jones
2023-03-10,31909.640625,Dow Jones
2023-03-09,32254.859375,Dow Jones
2023-03-08,32798.398438,Dow Jones
2023-03-07,32856.460938,Dow Jones
2023-03-06,33431.441406,Dow Jones
2023-03-03,33390.96875,Dow Jones
2023-03-02,33003.570313,Dow Jones
2023-03-01,32661.839844,Dow Jones
2023-02-28,32656.699219,Dow Jones
2023-02-27,32889.089844,Dow Jones
2023-02-24,32816.921875,Dow Jones
2023-02-23,33153.910156,Dow Jones
2023-02-22,33045.089844,Dow Jones
2023-02-21,33129.589844,Dow Jones
2023-02-17,33826.691406,Dow Jones
2023-02-16,33696.851563,Dow Jones
2023-02-15,34128.050781,Dow Jones
2023-02-14,34089.269531,Dow Jones
2023-02-13,34245.929688,Dow Jones
2023-02-10,33869.269531,Dow Jones
2023-02-09,33699.878906,Dow Jones
2023-02-08,33949.011719,Dow Jones
2023-02-07,34156.691406,Dow Jones
2023-02-06,33891.019531,Dow Jones
2023-02-03,33926.011719,Dow Jones
2023-02-02,34053.941406,Dow Jones
2023-02-01,34092.960938,Dow Jones
2023-01-31,34086.039063,Dow Jones
2023-01-30,33717.089844,Dow Jones
2023-01-27,33978.078125,Dow Jones
2023-01-26,33949.410156,Dow Jones
2023-01-25,33743.839844,Dow Jones
2023-01-24,33733.960938,Dow Jones
2023-01-23,33629.558594,Dow Jones
2023-01-20,33375.488281,Dow Jones
2023-01-19,33044.558594,Dow Jones
2023-01-18,33296.960938,Dow Jones
2023-01-17,33910.851563,Dow Jones
2023-01-13,34302.609375,Dow Jones
2023-01-12,34189.96875,Dow Jones
2023-01-11,33973.011719,Dow Jones
2023-01-10,33704.101563,Dow Jones
2023-01-09,33517.648438,Dow Jones
2023-01-06,33630.609375,Dow Jones
2023-01-05,32930.078125,Dow Jones
2023-01-04,33269.769531,Dow Jones
2023-01-03,33136.371094,Dow Jones
2022-12-30,33147.25,Dow Jones
2022-12-29,33220.800781,Dow Jones
2022-12-28,32875.710938,Dow Jones
2022-12-27,33241.558594,Dow Jones
2022-12-23,33203.929688,Dow Jones
2022-12-22,33027.488281,Dow Jones
2022-12-21,33376.480469,Dow Jones
2022-12-20,32849.738281,Dow Jones
2022-12-19,32757.539063,Dow Jones
2022-12-16,32920.460938,Dow Jones
2022-12-15,33202.21875,Dow Jones
2022-12-14,33966.351563,Dow Jones
2022-12-13,34108.640625,Dow Jones
2022-12-12,34005.039063,Dow Jones
2022-12-09,33476.460938,Dow Jones
2022-12-08,33781.480469,Dow Jones
2022-12-07,33597.921875,Dow Jones
2022-12-06,33596.339844,Dow Jones
2022-12-05,33947.101563,Dow Jones
2022-12-02,34429.878906,Dow Jones
2022-12-01,34395.011719,Dow Jones
2022-11-30,34589.769531,Dow Jones
2022-11-29,33852.53125,Dow Jones
2022-11-28,33849.460938,Dow Jones
2022-11-25,34347.03125,Dow Jones
2022-11-23,34194.058594,Dow Jones
2022-11-22,34098.101563,Dow Jones
2022-11-21,33700.28125,Dow Jones
2022-11-18,33745.691406,Dow Jones
2022-11-17,33546.320313,Dow Jones
2022-11-16,33553.828125,Dow Jones
2022-11-15,33592.921875,Dow Jones
2022-11-14,33536.699219,Dow Jones
2022-11-11,33747.859375,Dow Jones
2022-11-10,33715.371094,Dow Jones
2022-11-09,32513.939453,Dow Jones
2022-11-08,33160.828125,Dow Jones
2022-11-07,32827.0,Dow Jones
2022-11-04,32403.220703,Dow Jones
2022-11-03,32001.25,Dow Jones
2022-11-02,32147.759766,Dow Jones
2022-11-01,32653.199219,Dow Jones
2022-10-31,32732.949219,Dow Jones
2022-10-28,32861.800781,Dow Jones
2022-10-27,32033.279297,Dow Jones
2022-10-26,31839.109375,Dow Jones
2022-10-25,31836.740234,Dow Jones
2022-10-24,31499.619141,Dow Jones
2022-10-21,31082.560547,Dow Jones
2022-10-20,30333.589844,Dow Jones
2022-10-19,30423.810547,Dow Jones
2022-10-18,30523.800781,Dow Jones
2022-10-17,30185.820313,Dow Jones
2022-10-14,29634.830078,Dow Jones
2022-10-13,30038.720703,Dow Jones
2022-10-12,29210.849609,Dow Jones
2022-10-11,29239.189453,Dow Jones
2022-10-10,29202.880859,Dow Jones
2022-10-07,29296.789063,Dow Jones
2022-10-06,29926.939453,Dow Jones
2022-10-05,30273.869141,Dow Jones
2022-10-04,30316.320313,Dow Jones
2022-10-03,29490.890625,Dow Jones
2022-09-30,28725.509766,Dow Jones
2022-09-29,29225.609375,Dow Jones
2022-09-28,29683.740234,Dow Jones
2022-09-27,29134.990234,Dow Jones
2022-09-26,29260.810547,Dow Jones
2022-09-23,29590.410156,Dow Jones
2022-09-22,30076.679688,Dow Jones
2022-09-21,30183.779297,Dow Jones
2022-09-20,30706.230469,Dow Jones
2022-09-19,31019.679688,Dow Jones
2022-09-16,30822.419922,Dow Jones
2022-09-15,30961.820313,Dow Jones
2022-09-14,31135.089844,Dow Jones
2022-09-13,31104.970703,Dow Jones
2022-09-12,32381.339844,Dow Jones
2022-09-09,32151.710938,Dow Jones
2022-09-08,31774.519531,Dow Jones
2022-09-07,31581.279297,Dow Jones
2022-09-06,31145.300781,Dow Jones
2022-09-02,31318.439453,Dow Jones
2022-09-01,31656.419922,Dow Jones
2022-08-31,31510.429688,Dow Jones
2022-08-30,31790.869141,Dow Jones
2022-08-29,32098.990234,Dow Jones
2022-08-26,32283.400391,Dow Jones
2022-08-25,33291.78125,Dow Jones
2022-08-24,32969.230469,Dow Jones
2022-08-23,32909.589844,Dow Jones
2022-08-22,33063.609375,Dow Jones
2022-08-19,33706.738281,Dow Jones
2022-08-18,33999.039063,Dow Jones
2022-08-17,33980.320313,Dow Jones
2022-08-16,34152.011719,Dow Jones
2022-08-15,33912.441406,Dow Jones
2022-08-12,33761.050781,Dow Jones
2022-08-11,33336.671875,Dow Jones
2022-08-10,33309.511719,Dow Jones
2022-08-09,32774.410156,Dow Jones
2022-08-08,32832.539063,Dow Jones
2022-08-05,32803.46875,Dow Jones
2022-08-04,32726.820313,Dow Jones
2022-08-03,32812.5,Dow Jones
2022-08-02,32396.169922,Dow Jones
2022-08-01,32798.398438,Dow Jones
2022-07-29,32845.128906,Dow Jones
2022-07-28,32529.630859,Dow Jones
2022-07-27,32197.589844,Dow Jones
2022-07-26,31761.539063,Dow Jones
2022-07-25,31990.039063,Dow Jones
2022-07-22,31899.289063,Dow Jones
2022-07-21,32036.900391,Dow Jones
2022-07-20,31874.839844,Dow Jones
2022-07-19,31827.050781,Dow Jones
2022-07-18,31072.609375,Dow Jones
2022-07-15,31288.259766,Dow Jones
2022-07-14,30630.169922,Dow Jones
2022-07-13,30772.789063,Dow Jones
2022-07-12,30981.330078,Dow Jones
2022-07-11,31173.839844,Dow Jones
2022-07-08,31338.150391,Dow Jones
2022-07-07,31384.550781,Dow Jones
2022-07-06,31037.679688,Dow Jones
2022-07-05,30967.820313,Dow Jones
2022-07-01,31097.259766,Dow Jones
2022-06-30,30775.429688,Dow Jones
2022-06-29,31029.310547,Dow Jones
2022-06-28,30946.990234,Dow Jones
2022-06-27,31438.259766,Dow Jones
2022-06-24,31500.679688,Dow Jones
2022-06-23,30677.359375,Dow Jones
2022-06-22,30483.130859,Dow Jones
2022-06-21,30530.25,Dow Jones
2022-06-17,29888.779297,Dow Jones
2022-06-16,29927.070313,Dow Jones
2022-06-15,30668.529297,Dow Jones
2022-06-14,30364.830078,Dow Jones
2022-06-13,30516.740234,Dow Jones
2022-06-10,31392.789063,Dow Jones
2022-06-09,32272.789063,Dow Jones
2022-06-08,32910.898438,Dow Jones
2022-06-07,33180.140625,Dow Jones
2022-06-06,32915.78125,Dow Jones
2022-06-03,32899.699219,Dow Jones
2022-06-02,33248.28125,Dow Jones
2022-06-01,32813.230469,Dow Jones
2022-05-31,32990.121094,Dow Jones
2022-05-27,33212.960938,Dow Jones
2022-05-26,32637.189453,Dow Jones
2022-05-25,32120.279297,Dow Jones
2022-05-24,31928.619141,Dow Jones
2022-05-23,31880.240234,Dow Jones
2022-05-20,31261.900391,Dow Jones
2022-05-19,31253.130859,Dow Jones
2022-05-18,31490.070313,Dow Jones
2022-05-17,32654.589844,Dow Jones
2022-05-16,32223.419922,Dow Jones
2022-05-13,32196.660156,Dow Jones
2022-05-12,31730.300781,Dow Jones
2022-05-11,31834.109375,Dow Jones
2022-05-10,32160.740234,Dow Jones
2022-05-09,32245.699219,Dow Jones
2022-05-06,32899.371094,Dow Jones
2022-05-05,32997.96875,Dow Jones
2022-05-04,34061.058594,Dow Jones
2022-05-03,33128.789063,Dow Jones
2022-05-02,33061.5,Dow Jones
2022-04-29,32977.210938,Dow Jones
2022-04-28,33916.390625,Dow Jones
2022-04-27,33301.929688,Dow Jones
2022-04-26,33240.179688,Dow Jones
2022-04-25,34049.460938,Dow Jones
2022-04-22,33811.398438,Dow Jones
2022-04-21,34792.761719,Dow Jones
2022-04-20,35160.789063,Dow Jones
2022-04-19,34911.199219,Dow Jones
2025-04-17,16286.45,NASDAQ
2025-04-16,16307.16,NASDAQ
2025-04-15,16823.17,NASDAQ
2025-04-14,16831.48,NASDAQ
2025-04-11,16724.46,NASDAQ
2025-04-10,16387.31,NASDAQ
2025-04-09,17124.97,NASDAQ
2025-04-08,15267.91,NASDAQ
2025-04-07,15603.26,NASDAQ
2025-04-04,15587.79,NASDAQ
2025-04-03,16550.61,NASDAQ
2025-04-02,17601.05,NASDAQ
2025-04-01,17449.89,NASDAQ
2025-03-31,17299.29,NASDAQ
2025-03-28,17322.99,NASDAQ
2025-03-27,17804.03,NASDAQ
2025-03-26,17899.01,NASDAQ
2025-03-25,18271.86,NASDAQ
2025-03-24,18188.59,NASDAQ
2025-03-21,17784.05,NASDAQ
2025-03-20,17691.63,NASDAQ
2025-03-19,17750.79,NASDAQ
2025-03-18,17504.12,NASDAQ
2025-03-17,17808.66,NASDAQ
2025-03-14,17754.09,NASDAQ
2025-03-13,17303.01,NASDAQ
2025-03-12,17648.45,NASDAQ
2025-03-11,17436.1,NASDAQ
2025-03-10,17468.32,NASDAQ
2025-03-07,18196.22,NASDAQ
2025-03-06,18069.26,NASDAQ
2025-03-05,18552.73,NASDAQ
2025-03-04,18285.16,NASDAQ
2025-03-03,18350.19,NASDAQ
2025-02-28,18847.279,NASDAQ
2025-02-27,18544.4189,NASDAQ
2025-02-26,19075.2627,NASDAQ
2025-02-25,19026.3864,NASDAQ
2025-02-24,19286.9249,NASDAQ
2025-02-21,19524.005,NASDAQ
2025-02-20,19962.3621,NASDAQ
2025-02-19,20056.2528,NASDAQ
2025-02-18,20041.2607,NASDAQ
2025-02-14,20026.7734,NASDAQ
2025-02-13,19945.6444,NASDAQ
2025-02-12,19649.9505,NASDAQ
2025-02-11,19643.8557,NASDAQ
2025-02-10,19714.2701,NASDAQ
2025-02-07,19523.4018,NASDAQ
2025-02-06,19791.9911,NASDAQ
2025-02-05,19692.3298,NASDAQ
2025-02-04,19654.015,NASDAQ
2025-02-03,19391.9554,NASDAQ
2025-01-31,19627.4415,NASDAQ
2025-01-30,19681.7485,NASDAQ
2025-01-29,19632.3229,NASDAQ
2025-01-28,19733.5863,NASDAQ
2025-01-27,19341.8338,NASDAQ
2025-01-24,19954.3011,NASDAQ
2025-01-23,20053.6781,NASDAQ
2025-01-22,20009.3396,NASDAQ
2025-01-21,19756.7793,NASDAQ
2025-01-17,19630.1987,NASDAQ
2025-01-16,19338.29,NASDAQ
2025-01-15,19511.2344,NASDAQ
2025-01-14,19044.3927,NASDAQ
2025-01-13,19088.1021,NASDAQ
2025-01-10,19161.6275,NASDAQ
2025-01-08,19478.8775,NASDAQ
2025-01-07,19489.6796,NASDAQ
2025-01-06,19864.9809,NASDAQ
2025-01-03,19621.6771,NASDAQ
2025-01-02,19280.7928,NASDAQ
2024-12-31,19310.7916,NASDAQ
2024-12-30,19486.7849,NASDAQ
2024-12-27,19722.0308,NASDAQ
2024-12-26,20020.3569,NASDAQ
2024-12-24,20031.1263,NASDAQ
2024-12-23,19764.8852,NASDAQ
2024-12-20,19572.597,NASDAQ
2024-12-19,19372.7681,NASDAQ
2024-12-18,19392.6929,NASDAQ
2024-12-17,20109.0605,NASDAQ
2024-12-16,20173.8907,NASDAQ
2024-12-13,19926.724,NASDAQ
2024-12-12,19902.8415,NASDAQ
2024-12-11,20034.8942,NASDAQ
2024-12-10,19687.2416,NASDAQ
2024-12-09,19736.6897,NASDAQ
2024-12-06,19859.7736,NASDAQ
2024-12-05,19700.2586,NASDAQ
2024-12-04,19735.1158,NASDAQ
2024-12-03,19480.9105,NASDAQ
2024-12-02,19403.9478,NASDAQ
2024-11-29,19218.1662,NASDAQ
2024-11-27,19060.4759,NASDAQ
2024-11-26,19174.2973,NASDAQ
2024-11-25,19054.835,NASDAQ
2024-11-22,19003.6511,NASDAQ
2024-11-21,18972.4201,NASDAQ
2024-11-20,18966.1432,NASDAQ
2024-11-19,18987.4681,NASDAQ
2024-11-18,18791.8064,NASDAQ
2024-11-15,18680.1209,NASDAQ
2024-11-14,19107.6508,NASDAQ
2024-11-13,19230.7394,NASDAQ
2024-11-12,19281.4012,NASDAQ
2024-11-11,19298.7633,NASDAQ
2024-11-08,19286.777,NASDAQ
2024-11-07,19269.4589,NASDAQ
2024-11-06,18983.4655,NASDAQ
2024-11-05,18439.1707,NASDAQ
2024-11-04,18179.9844,NASDAQ
2024-11-01,18239.9174,NASDAQ
2024-10-31,18095.1506,NASDAQ
2024-10-30,18607.9309,NASDAQ
2024-10-29,18712.7484,NASDAQ
2024-10-28,18567.1888,NASDAQ
2024-10-25,18518.6063,NASDAQ
2024-10-24,18415.4856,NASDAQ
2024-10-23,18276.6545,NASDAQ
2024-10-22,18573.1294,NASDAQ
2024-10-21,18540.005,NASDAQ
2024-10-18,18489.5531,NASDAQ
2024-10-17,18373.6092,NASDAQ
2024-10-16,18367.0788,NASDAQ
2024-10-15,18315.5869,NASDAQ
2024-10-14,18502.6854,NASDAQ
2024-10-11,18342.937,NASDAQ
2024-10-10,18282.0489,NASDAQ
2024-10-09,18291.6174,NASDAQ
2024-10-08,18182.9162,NASDAQ
2024-10-07,17923.9037,NASDAQ
2024-10-04,18137.8494,NASDAQ
2024-10-03,17918.4755,NASDAQ
2024-10-02,17925.1234,NASDAQ
2024-10-01,17910.3587,NASDAQ
2024-09-30,18189.1704,NASDAQ
2024-09-27,18119.5897,NASDAQ
2024-09-26,18190.2907,NASDAQ
2024-09-25,18082.2052,NASDAQ
2024-09-24,18074.5214,NASDAQ
2024-09-23,17974.2698,NASDAQ
2024-09-20,17948.3208,NASDAQ
2024-09-19,18013.9811,NASDAQ
2024-09-18,17573.3005,NASDAQ
2024-09-17,17628.0613,NASDAQ
2024-09-16,17592.1265,NASDAQ
2024-09-13,17683.9761,NASDAQ
2024-09-12,17569.6763,NASDAQ
2024-09-11,17395.531,NASDAQ
2024-09-10,17025.8801,NASDAQ
2024-09-09,16884.6028,NASDAQ
2024-09-06,16690.8319,NASDAQ
2024-09-05,17127.6611,NASDAQ
2024-09-04,17084.2961,NASDAQ
2024-09-03,17136.2983,NASDAQ
2024-08-30,17713.6241,NASDAQ
2024-08-29,17516.4305,NASDAQ
2024-08-28,17556.0273,NASDAQ
2024-08-27,17754.8197,NASDAQ
2024-08-26,17725.765,NASDAQ
2024-08-23,17877.7937,NASDAQ
2024-08-22,17619.3538,NASDAQ
2024-08-21,17918.9868,NASDAQ
2024-08-20,17816.9372,NASDAQ
2024-08-19,17876.7712,NASDAQ
2024-08-16,17631.7204,NASDAQ
2024-08-15,17594.4956,NASDAQ
2024-08-14,17192.6008,NASDAQ
2024-08-13,17187.6075,NASDAQ
2024-08-12,16780.6092,NASDAQ
2024-08-09,16745.3021,NASDAQ
2024-08-08,16660.021,NASDAQ
2024-08-07,16195.8055,NASDAQ
2024-08-06,16366.8545,NASDAQ
2024-08-05,16200.082,NASDAQ
2024-08-02,16776.1636,NASDAQ
2024-08-01,17194.1453,NASDAQ
2024-07-31,17599.3997,NASDAQ
2024-07-30,17147.4167,NASDAQ
2024-07-29,17370.2007,NASDAQ
2024-07-26,17357.8816,NASDAQ
2024-07-25,17181.7245,NASDAQ
2024-07-24,17342.4133,NASDAQ
2024-07-23,17997.3512,NASDAQ
2024-07-22,18007.5678,NASDAQ
2024-07-19,17726.9398,NASDAQ
2024-07-18,17871.2231,NASDAQ
2024-07-17,17996.9246,NASDAQ
2024-07-16,18509.3402,NASDAQ
2024-07-15,18472.5657,NASDAQ
2024-07-12,18398.4455,NASDAQ
2024-07-11,18283.4067,NASDAQ
2024-07-10,18647.4482,NASDAQ
2024-07-09,18429.291,NASDAQ
2024-07-08,18403.7381,NASDAQ
2024-07-05,18352.7589,NASDAQ
2024-07-03,18188.3015,NASDAQ
2024-07-02,18028.763,NASDAQ
2024-07-01,17879.2996,NASDAQ
2024-06-28,17732.6027,NASDAQ
2024-06-27,17858.6837,NASDAQ
2024-06-26,17805.1559,NASDAQ
2024-06-25,17717.6536,NASDAQ
2024-06-24,17496.8169,NASDAQ
2024-06-21,17689.3607,NASDAQ
2024-06-20,17721.5873,NASDAQ
2024-06-18,17862.2321,NASDAQ
2024-06-17,17857.0202,NASDAQ
2024-06-14,17688.8821,NASDAQ
2024-06-13,17667.5596,NASDAQ
2024-06-12,17608.4356,NASDAQ
2024-06-11,17343.5463,NASDAQ
2024-06-10,17192.5289,NASDAQ
2024-06-07,17133.1259,NASDAQ
2024-06-06,17173.1207,NASDAQ
2024-06-05,17187.9046,NASDAQ
2024-06-04,16857.0472,NASDAQ
2024-06-03,16828.6699,NASDAQ
2024-05-31,16735.0153,NASDAQ
2024-05-30,16737.0791,NASDAQ
2024-05-29,16920.5804,NASDAQ
2024-05-28,17019.8801,NASDAQ
2024-05-24,16920.7944,NASDAQ
2024-05-23,16736.0332,NASDAQ
2024-05-22,16801.5439,NASDAQ
2024-05-21,16832.6244,NASDAQ
2024-05-20,16794.8742,NASDAQ
2024-05-17,16685.966,NASDAQ
2024-05-16,16698.3207,NASDAQ
2024-05-15,16742.3903,NASDAQ
2024-05-14,16511.1798,NASDAQ
2024-05-13,16388.2378,NASDAQ
2024-05-10,16340.8686,NASDAQ
2024-05-09,16346.2647,NASDAQ
2024-05-08,16302.7558,NASDAQ
2024-05-07,16332.5553,NASDAQ
2024-05-06,16349.2451,NASDAQ
2024-05-03,16156.328,NASDAQ
2024-05-02,15840.9583,NASDAQ
2024-05-01,15605.4813,NASDAQ
2024-04-30,15657.8223,NASDAQ
2024-04-29,15983.0843,NASDAQ
2024-04-26,15927.9003,NASDAQ
2024-04-25,15611.7598,NASDAQ
2024-04-24,15712.7486,NASDAQ
2024-04-23,15696.64,NASDAQ
2024-04-22,15451.3053,NASDAQ
2024-04-19,15282.0097,NASDAQ
2024-04-18,15601.4989,NASDAQ
2024-04-17,15683.3725,NASDAQ
2024-04-16,15865.2513,NASDAQ
2024-04-15,15885.0186,NASDAQ
2024-04-12,16175.0941,NASDAQ
2024-04-11,16442.1979,NASDAQ
2024-04-10,16170.3603,NASDAQ
2024-04-09,16306.6391,NASDAQ
2024-04-08,16253.9552,NASDAQ
2024-04-05,16248.5202,NASDAQ
2024-04-04,16049.0819,NASDAQ
2024-04-03,16277.458,NASDAQ
2024-04-02,16240.449,NASDAQ
2024-04-01,16396.8321,NASDAQ
2024-03-28,16379.4583,NASDAQ
2024-03-27,16399.5206,NASDAQ
2024-03-26,16315.6987,NASDAQ
2024-03-25,16384.4669,NASDAQ
2024-03-22,16428.8185,NASDAQ
2024-03-21,16401.836,NASDAQ
2024-03-20,16369.4075,NASDAQ
2024-03-19,16166.7912,NASDAQ
2024-03-18,16103.448,NASDAQ
2024-03-15,15973.1739,NASDAQ
2024-03-14,16128.5295,NASDAQ
2024-03-13,16177.7663,NASDAQ
2024-03-12,16265.636,NASDAQ
2024-03-11,16019.2742,NASDAQ
2024-03-08,16085.1131,NASDAQ
2024-03-07,16273.3752,NASDAQ
2024-03-06,16031.5425,NASDAQ
2024-03-05,15939.5877,NASDAQ
2024-03-04,16207.5093,NASDAQ
2024-03-01,16274.9416,NASDAQ
2024-02-29,16091.9224,NASDAQ
2024-02-28,15947.7383,NASDAQ
2024-02-27,16035.3004,NASDAQ
2024-02-26,15976.2506,NASDAQ
2024-02-23,15996.8231,NASDAQ
2024-02-22,16041.6212,NASDAQ
2024-02-21,15580.8696,NASDAQ
2024-02-20,15630.7829,NASDAQ
2024-02-16,15775.6544,NASDAQ
2024-02-15,15906.1735,NASDAQ
2024-02-14,15859.1462,NASDAQ
2024-02-13,15655.5991,NASDAQ
2024-02-12,15942.5454,NASDAQ
2024-02-09,15990.664,NASDAQ
2024-02-08,15793.7145,NASDAQ
2024-02-07,15756.6441,NASDAQ
2024-02-06,15608.9984,NASDAQ
2024-02-05,15597.677,NASDAQ
2024-02-02,15628.9543,NASDAQ
2024-02-01,15361.6417,NASDAQ
2024-01-31,15164.0118,NASDAQ
2024-01-30,15509.8969,NASDAQ
2024-01-29,15628.0445,NASDAQ
2024-01-26,15455.3635,NASDAQ
2024-01-25,15510.4956,NASDAQ
2024-01-24,15481.9176,NASDAQ
2024-01-23,15425.943,NASDAQ
2024-01-22,15360.2856,NASDAQ
2024-01-19,15310.9679,NASDAQ
2024-01-18,15055.6481,NASDAQ
2024-01-17,14855.6218,NASDAQ
2024-01-16,14944.3468,NASDAQ
2024-01-12,14972.7595,NASDAQ
2024-01-11,14970.185,NASDAQ
2024-01-10,14969.6496,NASDAQ
2024-01-09,14857.7095,NASDAQ
2024-01-08,14843.7683,NASDAQ
2024-01-05,14524.0732,NASDAQ
2024-01-04,14510.3,NASDAQ
2024-01-03,14592.2106,NASDAQ
2024-01-02,14765.9396,NASDAQ
2023-12-29,15011.3524,NASDAQ
2023-12-28,15095.1363,NASDAQ
2023-12-27,15099.1763,NASDAQ
2023-12-26,15074.573,NASDAQ
2023-12-22,14992.9726,NASDAQ
2023-12-21,14963.8663,NASDAQ
2023-12-20,14777.9426,NASDAQ
2023-12-19,15003.2232,NASDAQ
2023-12-18,14904.8131,NASDAQ
2023-12-15,14813.9198,NASDAQ
2023-12-14,14761.5588,NASDAQ
2023-12-13,14733.9639,NASDAQ
2023-12-12,14533.3968,NASDAQ
2023-12-11,14432.4864,NASDAQ
2023-12-08,14403.9725,NASDAQ
2023-12-07,14339.9941,NASDAQ
2023-12-06,14146.7121,NASDAQ
2023-12-05,14229.9121,NASDAQ
2023-12-04,14185.4937,NASDAQ
2023-12-01,14305.0323,NASDAQ
2023-11-30,14226.2183,NASDAQ
2023-11-29,14258.4898,NASDAQ
2023-11-28,14281.7556,NASDAQ
2023-11-27,14241.0225,NASDAQ
2023-11-24,14250.8549,NASDAQ
2023-11-22,14265.8573,NASDAQ
2023-11-21,14199.9822,NASDAQ
2023-11-20,14284.5337,NASDAQ
2023-11-17,14125.4814,NASDAQ
2023-11-16,14113.6728,NASDAQ
2023-11-15,14103.836,NASDAQ
2023-11-14,14094.3814,NASDAQ
2023-11-13,13767.7432,NASDAQ
2023-11-10,13798.1078,NASDAQ
2023-11-09,13521.4478,NASDAQ
2023-11-08,13650.4139,NASDAQ
2023-11-07,13639.8558,NASDAQ
2023-11-06,13518.7794,NASDAQ
2023-11-03,13478.2828,NASDAQ
2023-11-02,13294.1905,NASDAQ
2023-11-01,13061.469,NASDAQ
2023-10-31,12851.2379,NASDAQ
2023-10-30,12789.4829,NASDAQ
2023-10-27,12643.011,NASDAQ
2023-10-26,12595.6053,NASDAQ
2023-10-25,12821.2244,NASDAQ
2023-10-24,13139.8746,NASDAQ
2023-10-23,13018.3293,NASDAQ
2023-10-20,12983.8072,NASDAQ
2023-10-19,13186.1753,NASDAQ
2023-10-18,13314.3023,NASDAQ
2023-10-17,13533.7472,NASDAQ
2023-10-16,13567.9838,NASDAQ
2023-10-13,13407.2344,NASDAQ
2023-10-12,13574.2193,NASDAQ
2023-10-11,13659.6769,NASDAQ
2023-10-10,13562.8437,NASDAQ
2023-10-09,13484.2393,NASDAQ
2023-10-06,13431.3411,NASDAQ
2023-10-05,13219.8341,NASDAQ
2023-10-04,13236.0096,NASDAQ
2023-10-03,13059.4661,NASDAQ
2023-10-02,13307.7727,NASDAQ
2023-09-29,13219.3218,NASDAQ
2023-09-28,13201.2765,NASDAQ
2023-09-27,13092.8491,NASDAQ
2023-09-26,13063.6096,NASDAQ
2023-09-25,13271.3195,NASDAQ
2023-09-22,13211.8069,NASDAQ
2023-09-21,13223.9849,NASDAQ
2023-09-20,13469.1276,NASDAQ
2023-09-19,13678.1855,NASDAQ
2023-09-18,13710.2372,NASDAQ
2023-09-15,13708.3346,NASDAQ
2023-09-14,13926.0525,NASDAQ
2023-09-13,13813.5851,NASDAQ
2023-09-12,13773.6145,NASDAQ
2023-09-11,13917.8941,NASDAQ
2023-09-08,13761.5255,NASDAQ
2023-09-07,13748.8316,NASDAQ
2023-09-06,13872.4709,NASDAQ
2023-09-05,14020.9519,NASDAQ
2023-09-01,14031.8145,NASDAQ
2023-08-31,14034.968,NASDAQ
2023-08-30,14019.3108,NASDAQ
2023-08-29,13943.7569,NASDAQ
2023-08-28,13705.1305,NASDAQ
2023-08-25,13590.6464,NASDAQ
2023-08-24,13463.9719,NASDAQ
2023-08-23,13721.0326,NASDAQ
2023-08-22,13505.8729,NASDAQ
2023-08-21,13497.5899,NASDAQ
2023-08-18,13290.7764,NASDAQ
2023-08-17,13316.9316,NASDAQ
2023-08-16,13474.628,NASDAQ
2023-08-15,13631.0468,NASDAQ
2023-08-14,13788.3312,NASDAQ
2023-08-11,13644.8493,NASDAQ
2023-08-10,13737.9856,NASDAQ
2023-08-09,13722.0156,NASDAQ
2023-08-08,13884.3239,NASDAQ
2023-08-07,13994.3982,NASDAQ
2023-08-04,13909.2384,NASDAQ
2023-08-03,13959.7153,NASDAQ
2023-08-02,13973.4472,NASDAQ
2023-08-01,14283.9132,NASDAQ
2023-07-31,14346.0236,NASDAQ
2023-07-28,14316.6576,NASDAQ
2023-07-27,14050.1071,NASDAQ
2023-07-26,14127.2819,NASDAQ
2023-07-25,14144.5553,NASDAQ
2023-07-24,14058.8659,NASDAQ
2023-07-21,14032.8052,NASDAQ
2023-07-20,14063.3068,NASDAQ
2023-07-19,14358.0182,NASDAQ
2023-07-18,14353.6421,NASDAQ
2023-07-17,14244.9485,NASDAQ
2023-07-14,14113.7032,NASDAQ
2023-07-13,14138.5702,NASDAQ
2023-07-12,13918.9632,NASDAQ
2023-07-11,13760.6989,NASDAQ
2023-07-10,13685.4812,NASDAQ
2023-07-07,13660.716,NASDAQ
2023-07-06,13679.0428,NASDAQ
2023-07-05,13791.6543,NASDAQ
2023-07-03,13816.7729,NASDAQ
2023-06-30,13787.9227,NASDAQ
2023-06-29,13591.3308,NASDAQ
2023-06-28,13591.7498,NASDAQ
2023-06-27,13555.6727,NASDAQ
2023-06-26,13335.7779,NASDAQ
2023-06-23,13492.5161,NASDAQ
2023-06-22,13630.6088,NASDAQ
2023-06-21,13502.1985,NASDAQ
2023-06-20,13667.2935,NASDAQ
2023-06-16,13689.5713,NASDAQ
2023-06-15,13782.8208,NASDAQ
2023-06-14,13626.477,NASDAQ
2023-06-13,13573.3205,NASDAQ
2023-06-12,13461.921,NASDAQ
2023-06-09,13259.1432,NASDAQ
2023-06-08,13238.5239,NASDAQ
2023-06-07,13104.895,NASDAQ
2023-06-06,13276.4181,NASDAQ
2023-06-05,13229.4287,NASDAQ
2023-06-02,13240.7659,NASDAQ
2023-06-01,13100.9818,NASDAQ
2023-05-31,12935.2854,NASDAQ
2023-05-30,13017.4256,NASDAQ
2023-05-26,12975.6875,NASDAQ
2023-05-25,12698.0937,NASDAQ
2023-05-24,12484.162,NASDAQ
2023-05-23,12560.2454,NASDAQ
2023-05-22,12720.7762,NASDAQ
2023-05-19,12657.8973,NASDAQ
2023-05-18,12688.838,NASDAQ
2023-05-17,12500.5662,NASDAQ
2023-05-16,12343.0527,NASDAQ
2023-05-15,12365.2094,NASDAQ
2023-05-12,12284.7432,NASDAQ
2023-05-11,12328.5065,NASDAQ
2023-05-10,12306.4418,NASDAQ
2023-05-09,12179.5531,NASDAQ
2023-05-08,12256.9175,NASDAQ
2023-05-05,12235.4128,NASDAQ
2023-05-04,11966.3981,NASDAQ
2023-05-03,12025.3277,NASDAQ
2023-05-02,12080.5061,NASDAQ
2023-05-01,12212.5979,NASDAQ
2023-04-28,12226.5838,NASDAQ
2023-04-27,12142.2379,NASDAQ
2023-04-26,11854.3508,NASDAQ
2023-04-25,11799.1571,NASDAQ
2023-04-24,12037.2037,NASDAQ
2023-04-21,12072.4563,NASDAQ
2023-04-20,12059.5578,NASDAQ
2023-04-19,12157.2262,NASDAQ
2023-04-18,12153.4115,NASDAQ
2023-04-17,12157.7239,NASDAQ
2023-04-14,12123.4655,NASDAQ
2023-04-13,12166.2719,NASDAQ
2023-04-12,11929.3373,NASDAQ
2023-04-11,12031.877,NASDAQ
2023-04-10,12084.355,NASDAQ
2023-04-06,12087.9565,NASDAQ
2023-04-05,11996.8618,NASDAQ
2023-04-04,12126.3268,NASDAQ
2023-04-03,12189.4526,NASDAQ
2023-03-31,12221.9067,NASDAQ
2023-03-30,12013.4714,NASDAQ
2023-03-29,11926.2359,NASDAQ
2023-03-28,11716.0805,NASDAQ
2023-03-27,11768.8358,NASDAQ
2023-03-24,11823.9601,NASDAQ
2023-03-23,11787.3982,NASDAQ
2023-03-22,11669.9556,NASDAQ
2023-03-21,11860.1091,NASDAQ
2023-03-20,11675.5376,NASDAQ
2023-03-17,11630.5134,NASDAQ
2023-03-16,11717.2768,NASDAQ
2023-03-15,11434.0522,NASDAQ
2023-03-14,11428.1488,NASDAQ
2023-03-13,11188.843,NASDAQ
2023-03-10,11138.8876,NASDAQ
2023-03-09,11338.3547,NASDAQ
2023-03-08,11576.0045,NASDAQ
2023-03-07,11530.3325,NASDAQ
2023-03-06,11675.737,NASDAQ
2023-03-03,11689.0057,NASDAQ
2023-03-02,11462.9817,NASDAQ
2023-03-01,11379.4845,NASDAQ
2023-02-28,11455.544,NASDAQ
2023-02-27,11466.9792,NASDAQ
2023-02-24,11394.9417,NASDAQ
2023-02-23,11590.4011,NASDAQ
2023-02-22,11507.0699,NASDAQ
2023-02-21,11492.3006,NASDAQ
2023-02-17,11787.2718,NASDAQ
2023-02-16,11855.8341,NASDAQ
2023-02-15,12070.5929,NASDAQ
2023-02-14,11960.1451,NASDAQ
2023-02-13,11891.7894,NASDAQ
2023-02-10,11718.1197,NASDAQ
2023-02-09,11789.579,NASDAQ
2023-02-08,11910.5201,NASDAQ
2023-02-07,12113.7863,NASDAQ
2023-02-06,11887.4502,NASDAQ
2023-02-03,12006.9547,NASDAQ
2023-02-02,12200.818,NASDAQ
2023-02-01,11816.3195,NASDAQ
2023-01-31,11584.5518,NASDAQ
2023-01-30,11393.8143,NASDAQ
2023-01-27,11621.7095,NASDAQ
2023-01-26,11512.4133,NASDAQ
2023-01-25,11313.357,NASDAQ
2023-01-24,11334.2719,NASDAQ
2023-01-23,11364.4137,NASDAQ
2023-01-20,11140.4344,NASDAQ
2023-01-19,10852.2692,NASDAQ
2023-01-18,10957.0128,NASDAQ
2023-01-17,11095.1133,NASDAQ
2023-01-13,11079.1566,NASDAQ
2023-01-12,11001.1049,NASDAQ
2023-01-11,10931.6712,NASDAQ
2023-01-10,10742.6301,NASDAQ
2023-01-09,10635.6495,NASDAQ
2023-01-06,10569.2939,NASDAQ
2023-01-05,10305.2409,NASDAQ
2023-01-04,10458.7622,NASDAQ
2023-01-03,10386.9848,NASDAQ
2022-12-30,10466.4817,NASDAQ
2022-12-29,10478.0868,NASDAQ
2022-12-28,10213.2876,NASDAQ
2022-12-27,10353.2263,NASDAQ
2022-12-23,10497.8629,NASDAQ
2022-12-22,10476.1193,NASDAQ
2022-12-21,10709.37,NASDAQ
2022-12-20,10547.1122,NASDAQ
2022-12-19,10546.032,NASDAQ
2022-12-16,10705.4141,NASDAQ
2022-12-15,10810.5259,NASDAQ
2022-12-14,11170.8863,NASDAQ
2022-12-13,11256.8135,NASDAQ
2022-12-12,11143.7384,NASDAQ
2022-12-09,11004.6174,NASDAQ
2022-12-08,11082.0033,NASDAQ
2022-12-07,10958.5533,NASDAQ
2022-12-06,11014.8901,NASDAQ
2022-12-05,11239.9372,NASDAQ
2022-12-02,11461.4972,NASDAQ
2022-12-01,11482.4491,NASDAQ
2022-11-30,11467.9959,NASDAQ
2022-11-29,10983.7792,NASDAQ
2022-11-28,11049.4986,NASDAQ
2022-11-25,11226.3558,NASDAQ
2022-11-23,11285.3175,NASDAQ
2022-11-22,11174.4067,NASDAQ
2022-11-21,11024.511,NASDAQ
2022-11-18,11146.0626,NASDAQ
2022-11-17,11144.9578,NASDAQ
2022-11-16,11183.6586,NASDAQ
2022-11-15,11358.4101,NASDAQ
2022-11-14,11196.2204,NASDAQ
2022-11-11,11323.3309,NASDAQ
2022-11-10,11114.1468,NASDAQ
2022-11-09,10353.175,NASDAQ
2022-11-08,10616.2,NASDAQ
2022-11-07,10564.52,NASDAQ
2022-11-04,10475.2544,NASDAQ
2022-11-03,10342.9405,NASDAQ
2022-11-02,10524.7971,NASDAQ
2022-11-01,10890.8455,NASDAQ
2022-10-31,10988.1459,NASDAQ
2022-10-28,11102.452,NASDAQ
2022-10-27,10792.6749,NASDAQ
2022-10-26,10970.9923,NASDAQ
2022-10-25,11199.1157,NASDAQ
2022-10-24,10952.6117,NASDAQ
2022-10-21,10859.7156,NASDAQ
2022-10-20,10614.8441,NASDAQ
2022-10-19,10680.5081,NASDAQ
2022-10-18,10772.4021,NASDAQ
2022-10-17,10675.8011,NASDAQ
2022-10-14,10321.3882,NASDAQ
2022-10-13,10649.152,NASDAQ
2022-10-12,10417.0986,NASDAQ
2022-10-11,10426.1915,NASDAQ
2022-10-10,10542.1019,NASDAQ
2022-10-07,10652.4047,NASDAQ
2022-10-06,11073.3107,NASDAQ
2022-10-05,11148.6384,NASDAQ
2022-10-04,11176.4056,NASDAQ
2022-10-03,10815.4347,NASDAQ
2022-09-30,10575.6187,NASDAQ
2022-09-29,10737.5063,NASDAQ
2022-09-28,11051.6364,NASDAQ
2022-09-27,10829.5035,NASDAQ
2022-09-26,10802.9219,NASDAQ
2022-09-23,10867.9262,NASDAQ
2022-09-22,11066.8052,NASDAQ
2022-09-21,11220.1924,NASDAQ
2022-09-20,11425.0511,NASDAQ
2022-09-19,11535.0199,NASDAQ
2022-09-16,11448.4037,NASDAQ
2022-09-15,11552.3573,NASDAQ
2022-09-14,11719.6781,NASDAQ
2022-09-13,11633.5743,NASDAQ
2022-09-12,12266.4106,NASDAQ
2022-09-09,12112.307,NASDAQ
2022-09-08,11862.1286,NASDAQ
2022-09-07,11791.8998,NASDAQ
2022-09-06,11544.9089,NASDAQ
2022-09-02,11630.8645,NASDAQ
2022-09-01,11785.1261,NASDAQ
2022-08-31,11816.2029,NASDAQ
2022-08-30,11883.1364,NASDAQ
2022-08-29,12017.6686,NASDAQ
2022-08-26,12141.7102,NASDAQ
2022-08-25,12639.2654,NASDAQ
2022-08-24,12431.5275,NASDAQ
2022-08-23,12381.3009,NASDAQ
2022-08-22,12381.573,NASDAQ
2022-08-19,12705.2151,NASDAQ
2022-08-18,12965.3415,NASDAQ
2022-08-17,12938.123,NASDAQ
2022-08-16,13102.5488,NASDAQ
2022-08-15,13128.0531,NASDAQ
2022-08-12,13047.1859,NASDAQ
2022-08-11,12779.9125,NASDAQ
2022-08-10,12854.8047,NASDAQ
2022-08-09,12493.9292,NASDAQ
2022-08-08,12644.4588,NASDAQ
2022-08-05,12657.5547,NASDAQ
2022-08-04,12720.5802,NASDAQ
2022-08-03,12668.1588,NASDAQ
2022-08-02,12348.7579,NASDAQ
2022-08-01,12368.9756,NASDAQ
2022-07-29,12390.6879,NASDAQ
2022-07-28,12162.5932,NASDAQ
2022-07-27,12032.4229,NASDAQ
2022-07-26,11562.5747,NASDAQ
2022-07-25,11782.6665,NASDAQ
2022-07-22,11834.1118,NASDAQ
2022-07-21,12059.6091,NASDAQ
2022-07-20,11897.6514,NASDAQ
2022-07-19,11713.1475,NASDAQ
2022-07-18,11360.0483,NASDAQ
2022-07-15,11452.4211,NASDAQ
2022-07-14,11251.1852,NASDAQ
2022-07-13,11247.5821,NASDAQ
2022-07-12,11264.7279,NASDAQ
2022-07-11,11372.5986,NASDAQ
2022-07-08,11635.3079,NASDAQ
2022-07-07,11621.3457,NASDAQ
2022-07-06,11361.8518,NASDAQ
2022-07-05,11322.2375,NASDAQ
2022-07-01,11127.8451,NASDAQ
2022-06-30,11028.7357,NASDAQ
2022-06-29,11177.8931,NASDAQ
2022-06-28,11181.5402,NASDAQ
2022-06-27,11521.4598,NASDAQ
2022-06-24,11607.6204,NASDAQ
2022-06-23,11232.1926,NASDAQ
2022-06-22,11053.0798,NASDAQ
2022-06-21,11069.3023,NASDAQ
2022-06-17,10798.3495,NASDAQ
2022-06-16,10646.0987,NASDAQ
2022-06-15,11099.1545,NASDAQ
2022-06-14,10828.3454,NASDAQ
2022-06-13,10809.2253,NASDAQ
2022-06-10,11340.0244,NASDAQ
2022-06-09,11754.2255,NASDAQ
2022-06-08,12086.2708,NASDAQ
2022-06-07,12175.2318,NASDAQ
2022-06-06,12061.3702,NASDAQ
2022-06-03,12012.7339,NASDAQ
2022-06-02,12316.898,NASDAQ
2022-06-01,11994.4595,NASDAQ
2022-05-31,12081.3912,NASDAQ
2022-05-27,12131.1311,NASDAQ
2022-05-26,11740.6504,NASDAQ
2022-05-25,11434.7407,NASDAQ
2022-05-24,11264.4482,NASDAQ
2022-05-23,11535.2746,NASDAQ
2022-05-20,11354.6171,NASDAQ
2022-05-19,11388.4955,NASDAQ
2022-05-18,11418.1543,NASDAQ
2022-05-17,11984.5229,NASDAQ
2022-05-16,11662.7907,NASDAQ
2022-05-13,11805.0015,NASDAQ
2022-05-12,11370.9615,NASDAQ
2022-05-11,11364.2355,NASDAQ
2022-05-10,11737.671,NASDAQ
2022-05-09,11623.2484,NASDAQ
2022-05-06,12144.6619,NASDAQ
2022-05-05,12317.6912,NASDAQ
2022-05-04,12964.8558,NASDAQ
2022-05-03,12563.7574,NASDAQ
2022-05-02,12536.0171,NASDAQ
2022-04-29,12334.64,NASDAQ
2022-04-28,12871.5277,NASDAQ
2022-04-27,12488.9331,NASDAQ
2022-04-26,12490.7432,NASDAQ
2022-04-25,13004.8523,NASDAQ
2022-04-22,12839.2932,NASDAQ
2022-04-21,13174.6515,NASDAQ
2022-04-20,13453.0654,NASDAQ
2022-04-19,13619.6565,NASDAQ
